ST 27:1;1	ST 27:1;1	59	59
ST 27:1;1	ST 27:2;1	59	58
ST 27:1;1	ST 28:2;1	63	56
ST 27:1;1	ST 28:3;1	62	57
ST 27:1;1	ST 29:2;1	63	58
ST 27:1;1	ST 30:2;1	67	56
ST 27:1;1	ST 28:1;1	61	59
ST 27:1;1	ST 29:1;1	63	59
ST 27:1;1	SE 27:1	59	59
ST 27:1;1	GM3	137	15
ST 27:1;1	GB3	119	15
ST 27:1;1	GD3	178	15
ST 27:1;1	Hex3Cer	119	15
ST 27:1;1	BMP	76	11
ST 27:1;1	CL	94	11
ST 27:1;1	CDPDAG	101	18
ST 27:1;1	DLCL	94	11
ST 27:1;1	DMPE	75	12
ST 27:1;1	LPA	67	10
ST 27:1;1	LPA-O	67	10
ST 27:1;1	LPA-P	67	10
ST 27:1;1	LPC	77	12
ST 27:1;1	LPC-O	77	12
ST 27:1;1	LPC-P	77	12
ST 27:1;1	LPE	72	11
ST 27:1;1	LPE-O	72	11
ST 27:1;1	LPE-P	72	11
ST 27:1;1	LPG	76	11
ST 27:1;1	LPG-O	76	11
ST 27:1;1	LPG-P	76	11
ST 27:1;1	LPI	85	15
ST 27:1;1	LPI-O	85	15
ST 27:1;1	LPI-P	85	15
ST 27:1;1	LPIM1	108	15
ST 27:1;1	LPIM2	131	15
ST 27:1;1	LPIM3	154	15
ST 27:1;1	LPIM4	177	15
ST 27:1;1	LPIM5	200	15
ST 27:1;1	LPIM6	223	15
ST 27:1;1	LPS	78	11
ST 27:1;1	LPS-O	78	11
ST 27:1;1	LPS-P	78	11
ST 27:1;1	LCL	94	11
ST 27:1;1	MMPE	74	11
ST 27:1;1	PA	67	10
ST 27:1;1	PA-O	67	10
ST 27:1;1	PA-P	67	10
ST 27:1;1	PAT16	124	15
ST 27:1;1	PAT18	128	15
ST 27:1;1	PC	77	12
ST 27:1;1	PC-O	77	12
ST 27:1;1	PC-P	77	12
ST 27:1;1	PE	72	11
ST 27:1;1	PE-O	72	11
ST 27:1;1	PE-P	72	11
ST 27:1;1	PEt	70	11
ST 27:1;1	PG	76	11
ST 27:1;1	PG-P	76	11
ST 27:1;1	PG-O	76	11
ST 27:1;1	PI	85	15
ST 27:1;1	PI-P	85	15
ST 27:1;1	PI-O	85	15
ST 27:1;1	PIM1	108	15
ST 27:1;1	PIM2	131	15
ST 27:1;1	PIM3	154	15
ST 27:1;1	PIM4	177	15
ST 27:1;1	PIM5	200	15
ST 27:1;1	PIM6	223	15
ST 27:1;1	PIP	93	15
ST 27:1;1	PIP2	101	15
ST 27:1;1	PIP3	109	15
ST 27:1;1	PS	78	11
ST 27:1;1	PS-P	78	11
ST 27:1;1	PS-O	78	11
ST 27:1;1	DG	62	7
ST 27:1;1	DGDG	100	15
ST 27:1;1	MG	62	7
ST 27:1;1	MGDG	77	15
ST 27:1;1	SQDG	83	15
ST 27:1;1	TG	62	7
ST 27:1;1	Cer	60	5
ST 27:1;1	CerP	65	8
ST 27:1;1	CerPE	69	10
ST 27:1;1	EPC	69	10
ST 27:1;1	HexCer	73	15
ST 27:1;1	GalCer	73	15
ST 27:1;1	GlcCer	73	15
ST 27:1;1	Hex2Cer	96	15
ST 27:1;1	LacCer	96	15
ST 27:1;1	LIPC	81	15
ST 27:1;1	IPC	81	15
ST 27:1;1	SPB	60	5
ST 27:1;1	SPBP	65	8
ST 27:1;1	LHexCer	73	15
ST 27:1;1	LSM	73	12
ST 27:1;1	MIPC	104	15
ST 27:1;1	M(IP)2C	135	15
ST 27:1;1	SHexCer	81	15
ST 27:1;1	SM	73	12
ST 27:1;1	FA	59	1
ST 27:1;1	FAHFA	59	1
ST 27:1;1	FOH	59	1
ST 27:2;1	ST 27:2;1	59	59
ST 27:2;1	ST 28:2;1	64	55
ST 27:2;1	ST 28:3;1	63	56
ST 27:2;1	ST 29:2;1	64	57
ST 27:2;1	ST 30:2;1	66	57
ST 27:2;1	ST 28:1;1	61	58
ST 27:2;1	ST 29:1;1	63	58
ST 27:2;1	SE 27:1	59	58
ST 27:2;1	GM3	137	15
ST 27:2;1	GB3	119	15
ST 27:2;1	GD3	178	15
ST 27:2;1	Hex3Cer	119	15
ST 27:2;1	BMP	77	10
ST 27:2;1	CL	95	10
ST 27:2;1	CDPDAG	102	17
ST 27:2;1	DLCL	95	10
ST 27:2;1	DMPE	76	11
ST 27:2;1	LPA	68	9
ST 27:2;1	LPA-O	68	9
ST 27:2;1	LPA-P	68	9
ST 27:2;1	LPC	78	11
ST 27:2;1	LPC-O	78	11
ST 27:2;1	LPC-P	78	11
ST 27:2;1	LPE	73	10
ST 27:2;1	LPE-O	73	10
ST 27:2;1	LPE-P	73	10
ST 27:2;1	LPG	77	10
ST 27:2;1	LPG-O	77	10
ST 27:2;1	LPG-P	77	10
ST 27:2;1	LPI	85	15
ST 27:2;1	LPI-O	85	15
ST 27:2;1	LPI-P	85	15
ST 27:2;1	LPIM1	108	15
ST 27:2;1	LPIM2	131	15
ST 27:2;1	LPIM3	154	15
ST 27:2;1	LPIM4	177	15
ST 27:2;1	LPIM5	200	15
ST 27:2;1	LPIM6	223	15
ST 27:2;1	LPS	79	10
ST 27:2;1	LPS-O	79	10
ST 27:2;1	LPS-P	79	10
ST 27:2;1	LCL	95	10
ST 27:2;1	MMPE	75	10
ST 27:2;1	PA	68	9
ST 27:2;1	PA-O	68	9
ST 27:2;1	PA-P	68	9
ST 27:2;1	PAT16	124	15
ST 27:2;1	PAT18	128	15
ST 27:2;1	PC	78	11
ST 27:2;1	PC-O	78	11
ST 27:2;1	PC-P	78	11
ST 27:2;1	PE	73	10
ST 27:2;1	PE-O	73	10
ST 27:2;1	PE-P	73	10
ST 27:2;1	PEt	71	10
ST 27:2;1	PG	77	10
ST 27:2;1	PG-P	77	10
ST 27:2;1	PG-O	77	10
ST 27:2;1	PI	85	15
ST 27:2;1	PI-P	85	15
ST 27:2;1	PI-O	85	15
ST 27:2;1	PIM1	108	15
ST 27:2;1	PIM2	131	15
ST 27:2;1	PIM3	154	15
ST 27:2;1	PIM4	177	15
ST 27:2;1	PIM5	200	15
ST 27:2;1	PIM6	223	15
ST 27:2;1	PIP	93	15
ST 27:2;1	PIP2	101	15
ST 27:2;1	PIP3	109	15
ST 27:2;1	PS	79	10
ST 27:2;1	PS-P	79	10
ST 27:2;1	PS-O	79	10
ST 27:2;1	DG	62	7
ST 27:2;1	DGDG	100	15
ST 27:2;1	MG	62	7
ST 27:2;1	MGDG	77	15
ST 27:2;1	SQDG	83	15
ST 27:2;1	TG	62	7
ST 27:2;1	Cer	60	5
ST 27:2;1	CerP	66	7
ST 27:2;1	CerPE	70	9
ST 27:2;1	EPC	70	9
ST 27:2;1	HexCer	73	15
ST 27:2;1	GalCer	73	15
ST 27:2;1	GlcCer	73	15
ST 27:2;1	Hex2Cer	96	15
ST 27:2;1	LacCer	96	15
ST 27:2;1	LIPC	81	15
ST 27:2;1	IPC	81	15
ST 27:2;1	SPB	60	5
ST 27:2;1	SPBP	66	7
ST 27:2;1	LHexCer	73	15
ST 27:2;1	LSM	74	11
ST 27:2;1	MIPC	104	15
ST 27:2;1	M(IP)2C	135	15
ST 27:2;1	SHexCer	81	15
ST 27:2;1	SM	74	11
ST 27:2;1	FA	59	1
ST 27:2;1	FAHFA	59	1
ST 27:2;1	FOH	59	1
ST 28:2;1	ST 28:2;1	61	61
ST 28:2;1	ST 28:3;1	63	58
ST 28:2;1	ST 29:2;1	64	59
ST 28:2;1	ST 30:2;1	70	55
ST 28:2;1	ST 28:1;1	63	58
ST 28:2;1	ST 29:1;1	65	58
ST 28:2;1	SE 27:1	63	56
ST 28:2;1	GM3	139	15
ST 28:2;1	GB3	121	15
ST 28:2;1	GD3	180	15
ST 28:2;1	Hex3Cer	121	15
ST 28:2;1	BMP	78	11
ST 28:2;1	CL	96	11
ST 28:2;1	CDPDAG	104	17
ST 28:2;1	DLCL	96	11
ST 28:2;1	DMPE	78	11
ST 28:2;1	LPA	69	10
ST 28:2;1	LPA-O	69	10
ST 28:2;1	LPA-P	69	10
ST 28:2;1	LPC	80	11
ST 28:2;1	LPC-O	80	11
ST 28:2;1	LPC-P	80	11
ST 28:2;1	LPE	74	11
ST 28:2;1	LPE-O	74	11
ST 28:2;1	LPE-P	74	11
ST 28:2;1	LPG	78	11
ST 28:2;1	LPG-O	78	11
ST 28:2;1	LPG-P	78	11
ST 28:2;1	LPI	87	15
ST 28:2;1	LPI-O	87	15
ST 28:2;1	LPI-P	87	15
ST 28:2;1	LPIM1	110	15
ST 28:2;1	LPIM2	133	15
ST 28:2;1	LPIM3	156	15
ST 28:2;1	LPIM4	179	15
ST 28:2;1	LPIM5	202	15
ST 28:2;1	LPIM6	225	15
ST 28:2;1	LPS	80	11
ST 28:2;1	LPS-O	80	11
ST 28:2;1	LPS-P	80	11
ST 28:2;1	LCL	96	11
ST 28:2;1	MMPE	76	11
ST 28:2;1	PA	69	10
ST 28:2;1	PA-O	69	10
ST 28:2;1	PA-P	69	10
ST 28:2;1	PAT16	126	15
ST 28:2;1	PAT18	130	15
ST 28:2;1	PC	80	11
ST 28:2;1	PC-O	80	11
ST 28:2;1	PC-P	80	11
ST 28:2;1	PE	74	11
ST 28:2;1	PE-O	74	11
ST 28:2;1	PE-P	74	11
ST 28:2;1	PEt	72	11
ST 28:2;1	PG	78	11
ST 28:2;1	PG-P	78	11
ST 28:2;1	PG-O	78	11
ST 28:2;1	PI	87	15
ST 28:2;1	PI-P	87	15
ST 28:2;1	PI-O	87	15
ST 28:2;1	PIM1	110	15
ST 28:2;1	PIM2	133	15
ST 28:2;1	PIM3	156	15
ST 28:2;1	PIM4	179	15
ST 28:2;1	PIM5	202	15
ST 28:2;1	PIM6	225	15
ST 28:2;1	PIP	95	15
ST 28:2;1	PIP2	103	15
ST 28:2;1	PIP3	111	15
ST 28:2;1	PS	80	11
ST 28:2;1	PS-P	80	11
ST 28:2;1	PS-O	80	11
ST 28:2;1	DG	64	7
ST 28:2;1	DGDG	102	15
ST 28:2;1	MG	64	7
ST 28:2;1	MGDG	79	15
ST 28:2;1	SQDG	85	15
ST 28:2;1	TG	64	7
ST 28:2;1	Cer	62	5
ST 28:2;1	CerP	68	7
ST 28:2;1	CerPE	72	9
ST 28:2;1	EPC	72	9
ST 28:2;1	HexCer	75	15
ST 28:2;1	GalCer	75	15
ST 28:2;1	GlcCer	75	15
ST 28:2;1	Hex2Cer	98	15
ST 28:2;1	LacCer	98	15
ST 28:2;1	LIPC	83	15
ST 28:2;1	IPC	83	15
ST 28:2;1	SPB	62	5
ST 28:2;1	SPBP	68	7
ST 28:2;1	LHexCer	75	15
ST 28:2;1	LSM	76	11
ST 28:2;1	MIPC	106	15
ST 28:2;1	M(IP)2C	137	15
ST 28:2;1	SHexCer	83	15
ST 28:2;1	SM	76	11
ST 28:2;1	FA	61	1
ST 28:2;1	FAHFA	61	1
ST 28:2;1	FOH	61	1
ST 28:3;1	ST 28:3;1	61	61
ST 28:3;1	ST 29:2;1	63	60
ST 28:3;1	ST 30:2;1	71	54
ST 28:3;1	ST 28:1;1	62	59
ST 28:3;1	ST 29:1;1	64	59
ST 28:3;1	SE 27:1	62	57
ST 28:3;1	GM3	139	15
ST 28:3;1	GB3	121	15
ST 28:3;1	GD3	180	15
ST 28:3;1	Hex3Cer	121	15
ST 28:3;1	BMP	78	11
ST 28:3;1	CL	96	11
ST 28:3;1	CDPDAG	104	17
ST 28:3;1	DLCL	96	11
ST 28:3;1	DMPE	78	11
ST 28:3;1	LPA	69	10
ST 28:3;1	LPA-O	69	10
ST 28:3;1	LPA-P	69	10
ST 28:3;1	LPC	80	11
ST 28:3;1	LPC-O	80	11
ST 28:3;1	LPC-P	80	11
ST 28:3;1	LPE	74	11
ST 28:3;1	LPE-O	74	11
ST 28:3;1	LPE-P	74	11
ST 28:3;1	LPG	78	11
ST 28:3;1	LPG-O	78	11
ST 28:3;1	LPG-P	78	11
ST 28:3;1	LPI	87	15
ST 28:3;1	LPI-O	87	15
ST 28:3;1	LPI-P	87	15
ST 28:3;1	LPIM1	110	15
ST 28:3;1	LPIM2	133	15
ST 28:3;1	LPIM3	156	15
ST 28:3;1	LPIM4	179	15
ST 28:3;1	LPIM5	202	15
ST 28:3;1	LPIM6	225	15
ST 28:3;1	LPS	80	11
ST 28:3;1	LPS-O	80	11
ST 28:3;1	LPS-P	80	11
ST 28:3;1	LCL	96	11
ST 28:3;1	MMPE	76	11
ST 28:3;1	PA	69	10
ST 28:3;1	PA-O	69	10
ST 28:3;1	PA-P	69	10
ST 28:3;1	PAT16	126	15
ST 28:3;1	PAT18	130	15
ST 28:3;1	PC	80	11
ST 28:3;1	PC-O	80	11
ST 28:3;1	PC-P	80	11
ST 28:3;1	PE	74	11
ST 28:3;1	PE-O	74	11
ST 28:3;1	PE-P	74	11
ST 28:3;1	PEt	72	11
ST 28:3;1	PG	78	11
ST 28:3;1	PG-P	78	11
ST 28:3;1	PG-O	78	11
ST 28:3;1	PI	87	15
ST 28:3;1	PI-P	87	15
ST 28:3;1	PI-O	87	15
ST 28:3;1	PIM1	110	15
ST 28:3;1	PIM2	133	15
ST 28:3;1	PIM3	156	15
ST 28:3;1	PIM4	179	15
ST 28:3;1	PIM5	202	15
ST 28:3;1	PIM6	225	15
ST 28:3;1	PIP	95	15
ST 28:3;1	PIP2	103	15
ST 28:3;1	PIP3	111	15
ST 28:3;1	PS	80	11
ST 28:3;1	PS-P	80	11
ST 28:3;1	PS-O	80	11
ST 28:3;1	DG	64	7
ST 28:3;1	DGDG	102	15
ST 28:3;1	MG	64	7
ST 28:3;1	MGDG	79	15
ST 28:3;1	SQDG	85	15
ST 28:3;1	TG	64	7
ST 28:3;1	Cer	62	5
ST 28:3;1	CerP	68	7
ST 28:3;1	CerPE	72	9
ST 28:3;1	EPC	72	9
ST 28:3;1	HexCer	75	15
ST 28:3;1	GalCer	75	15
ST 28:3;1	GlcCer	75	15
ST 28:3;1	Hex2Cer	98	15
ST 28:3;1	LacCer	98	15
ST 28:3;1	LIPC	83	15
ST 28:3;1	IPC	83	15
ST 28:3;1	SPB	62	5
ST 28:3;1	SPBP	68	7
ST 28:3;1	LHexCer	75	15
ST 28:3;1	LSM	76	11
ST 28:3;1	MIPC	106	15
ST 28:3;1	M(IP)2C	137	15
ST 28:3;1	SHexCer	83	15
ST 28:3;1	SM	76	11
ST 28:3;1	FA	61	1
ST 28:3;1	FAHFA	61	1
ST 28:3;1	FOH	61	1
ST 29:2;1	ST 29:2;1	63	63
ST 29:2;1	ST 30:2;1	72	55
ST 29:2;1	ST 28:1;1	63	60
ST 29:2;1	ST 29:1;1	63	62
ST 29:2;1	SE 27:1	63	58
ST 29:2;1	GM3	141	15
ST 29:2;1	GB3	123	15
ST 29:2;1	GD3	182	15
ST 29:2;1	Hex3Cer	123	15
ST 29:2;1	BMP	80	11
ST 29:2;1	CL	98	11
ST 29:2;1	CDPDAG	106	17
ST 29:2;1	DLCL	98	11
ST 29:2;1	DMPE	80	11
ST 29:2;1	LPA	71	10
ST 29:2;1	LPA-O	71	10
ST 29:2;1	LPA-P	71	10
ST 29:2;1	LPC	82	11
ST 29:2;1	LPC-O	82	11
ST 29:2;1	LPC-P	82	11
ST 29:2;1	LPE	76	11
ST 29:2;1	LPE-O	76	11
ST 29:2;1	LPE-P	76	11
ST 29:2;1	LPG	80	11
ST 29:2;1	LPG-O	80	11
ST 29:2;1	LPG-P	80	11
ST 29:2;1	LPI	89	15
ST 29:2;1	LPI-O	89	15
ST 29:2;1	LPI-P	89	15
ST 29:2;1	LPIM1	112	15
ST 29:2;1	LPIM2	135	15
ST 29:2;1	LPIM3	158	15
ST 29:2;1	LPIM4	181	15
ST 29:2;1	LPIM5	204	15
ST 29:2;1	LPIM6	227	15
ST 29:2;1	LPS	82	11
ST 29:2;1	LPS-O	82	11
ST 29:2;1	LPS-P	82	11
ST 29:2;1	LCL	98	11
ST 29:2;1	MMPE	78	11
ST 29:2;1	PA	71	10
ST 29:2;1	PA-O	71	10
ST 29:2;1	PA-P	71	10
ST 29:2;1	PAT16	128	15
ST 29:2;1	PAT18	132	15
ST 29:2;1	PC	82	11
ST 29:2;1	PC-O	82	11
ST 29:2;1	PC-P	82	11
ST 29:2;1	PE	76	11
ST 29:2;1	PE-O	76	11
ST 29:2;1	PE-P	76	11
ST 29:2;1	PEt	74	11
ST 29:2;1	PG	80	11
ST 29:2;1	PG-P	80	11
ST 29:2;1	PG-O	80	11
ST 29:2;1	PI	89	15
ST 29:2;1	PI-P	89	15
ST 29:2;1	PI-O	89	15
ST 29:2;1	PIM1	112	15
ST 29:2;1	PIM2	135	15
ST 29:2;1	PIM3	158	15
ST 29:2;1	PIM4	181	15
ST 29:2;1	PIM5	204	15
ST 29:2;1	PIM6	227	15
ST 29:2;1	PIP	97	15
ST 29:2;1	PIP2	105	15
ST 29:2;1	PIP3	113	15
ST 29:2;1	PS	82	11
ST 29:2;1	PS-P	82	11
ST 29:2;1	PS-O	82	11
ST 29:2;1	DG	65	8
ST 29:2;1	DGDG	104	15
ST 29:2;1	MG	65	8
ST 29:2;1	MGDG	81	15
ST 29:2;1	SQDG	87	15
ST 29:2;1	TG	65	8
ST 29:2;1	Cer	64	5
ST 29:2;1	CerP	70	7
ST 29:2;1	CerPE	74	9
ST 29:2;1	EPC	74	9
ST 29:2;1	HexCer	77	15
ST 29:2;1	GalCer	77	15
ST 29:2;1	GlcCer	77	15
ST 29:2;1	Hex2Cer	100	15
ST 29:2;1	LacCer	100	15
ST 29:2;1	LIPC	85	15
ST 29:2;1	IPC	85	15
ST 29:2;1	SPB	64	5
ST 29:2;1	SPBP	70	7
ST 29:2;1	LHexCer	77	15
ST 29:2;1	LSM	78	11
ST 29:2;1	MIPC	108	15
ST 29:2;1	M(IP)2C	139	15
ST 29:2;1	SHexCer	85	15
ST 29:2;1	SM	78	11
ST 29:2;1	FA	63	1
ST 29:2;1	FAHFA	63	1
ST 29:2;1	FOH	63	1
ST 30:2;1	ST 30:2;1	65	65
ST 30:2;1	ST 28:1;1	69	56
ST 30:2;1	ST 29:1;1	71	56
ST 30:2;1	SE 27:1	67	56
ST 30:2;1	GM3	142	16
ST 30:2;1	GB3	124	16
ST 30:2;1	GD3	183	16
ST 30:2;1	Hex3Cer	124	16
ST 30:2;1	BMP	83	10
ST 30:2;1	CL	101	10
ST 30:2;1	CDPDAG	107	18
ST 30:2;1	DLCL	101	10
ST 30:2;1	DMPE	82	11
ST 30:2;1	LPA	74	9
ST 30:2;1	LPA-O	74	9
ST 30:2;1	LPA-P	74	9
ST 30:2;1	LPC	84	11
ST 30:2;1	LPC-O	84	11
ST 30:2;1	LPC-P	84	11
ST 30:2;1	LPE	79	10
ST 30:2;1	LPE-O	79	10
ST 30:2;1	LPE-P	79	10
ST 30:2;1	LPG	83	10
ST 30:2;1	LPG-O	83	10
ST 30:2;1	LPG-P	83	10
ST 30:2;1	LPI	90	16
ST 30:2;1	LPI-O	90	16
ST 30:2;1	LPI-P	90	16
ST 30:2;1	LPIM1	113	16
ST 30:2;1	LPIM2	136	16
ST 30:2;1	LPIM3	159	16
ST 30:2;1	LPIM4	182	16
ST 30:2;1	LPIM5	205	16
ST 30:2;1	LPIM6	228	16
ST 30:2;1	LPS	85	10
ST 30:2;1	LPS-O	85	10
ST 30:2;1	LPS-P	85	10
ST 30:2;1	LCL	101	10
ST 30:2;1	MMPE	81	10
ST 30:2;1	PA	74	9
ST 30:2;1	PA-O	74	9
ST 30:2;1	PA-P	74	9
ST 30:2;1	PAT16	129	16
ST 30:2;1	PAT18	133	16
ST 30:2;1	PC	84	11
ST 30:2;1	PC-O	84	11
ST 30:2;1	PC-P	84	11
ST 30:2;1	PE	79	10
ST 30:2;1	PE-O	79	10
ST 30:2;1	PE-P	79	10
ST 30:2;1	PEt	77	10
ST 30:2;1	PG	83	10
ST 30:2;1	PG-P	83	10
ST 30:2;1	PG-O	83	10
ST 30:2;1	PI	90	16
ST 30:2;1	PI-P	90	16
ST 30:2;1	PI-O	90	16
ST 30:2;1	PIM1	113	16
ST 30:2;1	PIM2	136	16
ST 30:2;1	PIM3	159	16
ST 30:2;1	PIM4	182	16
ST 30:2;1	PIM5	205	16
ST 30:2;1	PIM6	228	16
ST 30:2;1	PIP	98	16
ST 30:2;1	PIP2	106	16
ST 30:2;1	PIP3	114	16
ST 30:2;1	PS	85	10
ST 30:2;1	PS-P	85	10
ST 30:2;1	PS-O	85	10
ST 30:2;1	DG	68	7
ST 30:2;1	DGDG	105	16
ST 30:2;1	MG	68	7
ST 30:2;1	MGDG	82	16
ST 30:2;1	SQDG	88	16
ST 30:2;1	TG	68	7
ST 30:2;1	Cer	66	5
ST 30:2;1	CerP	72	7
ST 30:2;1	CerPE	76	9
ST 30:2;1	EPC	76	9
ST 30:2;1	HexCer	78	16
ST 30:2;1	GalCer	78	16
ST 30:2;1	GlcCer	78	16
ST 30:2;1	Hex2Cer	100	17
ST 30:2;1	LacCer	100	17
ST 30:2;1	LIPC	86	16
ST 30:2;1	IPC	86	16
ST 30:2;1	SPB	66	5
ST 30:2;1	SPBP	72	7
ST 30:2;1	LHexCer	78	16
ST 30:2;1	LSM	80	11
ST 30:2;1	MIPC	109	16
ST 30:2;1	M(IP)2C	140	16
ST 30:2;1	SHexCer	86	16
ST 30:2;1	SM	80	11
ST 30:2;1	FA	65	1
ST 30:2;1	FAHFA	65	1
ST 30:2;1	FOH	65	1
ST 28:1;1	ST 28:1;1	61	61
ST 28:1;1	ST 29:1;1	63	61
ST 28:1;1	SE 27:1	61	59
ST 28:1;1	GM3	139	15
ST 28:1;1	GB3	121	15
ST 28:1;1	GD3	180	15
ST 28:1;1	Hex3Cer	121	15
ST 28:1;1	BMP	77	12
ST 28:1;1	CL	95	12
ST 28:1;1	CDPDAG	103	18
ST 28:1;1	DLCL	95	12
ST 28:1;1	DMPE	77	12
ST 28:1;1	LPA	68	11
ST 28:1;1	LPA-O	68	11
ST 28:1;1	LPA-P	68	11
ST 28:1;1	LPC	79	12
ST 28:1;1	LPC-O	79	12
ST 28:1;1	LPC-P	79	12
ST 28:1;1	LPE	73	12
ST 28:1;1	LPE-O	73	12
ST 28:1;1	LPE-P	73	12
ST 28:1;1	LPG	77	12
ST 28:1;1	LPG-O	77	12
ST 28:1;1	LPG-P	77	12
ST 28:1;1	LPI	87	15
ST 28:1;1	LPI-O	87	15
ST 28:1;1	LPI-P	87	15
ST 28:1;1	LPIM1	110	15
ST 28:1;1	LPIM2	133	15
ST 28:1;1	LPIM3	156	15
ST 28:1;1	LPIM4	179	15
ST 28:1;1	LPIM5	202	15
ST 28:1;1	LPIM6	225	15
ST 28:1;1	LPS	79	12
ST 28:1;1	LPS-O	79	12
ST 28:1;1	LPS-P	79	12
ST 28:1;1	LCL	95	12
ST 28:1;1	MMPE	75	12
ST 28:1;1	PA	68	11
ST 28:1;1	PA-O	68	11
ST 28:1;1	PA-P	68	11
ST 28:1;1	PAT16	126	15
ST 28:1;1	PAT18	130	15
ST 28:1;1	PC	79	12
ST 28:1;1	PC-O	79	12
ST 28:1;1	PC-P	79	12
ST 28:1;1	PE	73	12
ST 28:1;1	PE-O	73	12
ST 28:1;1	PE-P	73	12
ST 28:1;1	PEt	71	12
ST 28:1;1	PG	77	12
ST 28:1;1	PG-P	77	12
ST 28:1;1	PG-O	77	12
ST 28:1;1	PI	87	15
ST 28:1;1	PI-P	87	15
ST 28:1;1	PI-O	87	15
ST 28:1;1	PIM1	110	15
ST 28:1;1	PIM2	133	15
ST 28:1;1	PIM3	156	15
ST 28:1;1	PIM4	179	15
ST 28:1;1	PIM5	202	15
ST 28:1;1	PIM6	225	15
ST 28:1;1	PIP	95	15
ST 28:1;1	PIP2	103	15
ST 28:1;1	PIP3	111	15
ST 28:1;1	PS	79	12
ST 28:1;1	PS-P	79	12
ST 28:1;1	PS-O	79	12
ST 28:1;1	DG	63	8
ST 28:1;1	DGDG	102	15
ST 28:1;1	MG	63	8
ST 28:1;1	MGDG	79	15
ST 28:1;1	SQDG	85	15
ST 28:1;1	TG	63	8
ST 28:1;1	Cer	62	5
ST 28:1;1	CerP	67	8
ST 28:1;1	CerPE	71	10
ST 28:1;1	EPC	71	10
ST 28:1;1	HexCer	75	15
ST 28:1;1	GalCer	75	15
ST 28:1;1	GlcCer	75	15
ST 28:1;1	Hex2Cer	98	15
ST 28:1;1	LacCer	98	15
ST 28:1;1	LIPC	83	15
ST 28:1;1	IPC	83	15
ST 28:1;1	SPB	62	5
ST 28:1;1	SPBP	67	8
ST 28:1;1	LHexCer	75	15
ST 28:1;1	LSM	75	12
ST 28:1;1	MIPC	106	15
ST 28:1;1	M(IP)2C	137	15
ST 28:1;1	SHexCer	83	15
ST 28:1;1	SM	75	12
ST 28:1;1	FA	61	1
ST 28:1;1	FAHFA	61	1
ST 28:1;1	FOH	61	1
ST 29:1;1	ST 29:1;1	63	63
ST 29:1;1	SE 27:1	63	59
ST 29:1;1	GM3	141	15
ST 29:1;1	GB3	123	15
ST 29:1;1	GD3	182	15
ST 29:1;1	Hex3Cer	123	15
ST 29:1;1	BMP	79	12
ST 29:1;1	CL	97	12
ST 29:1;1	CDPDAG	105	18
ST 29:1;1	DLCL	97	12
ST 29:1;1	DMPE	79	12
ST 29:1;1	LPA	70	11
ST 29:1;1	LPA-O	70	11
ST 29:1;1	LPA-P	70	11
ST 29:1;1	LPC	81	12
ST 29:1;1	LPC-O	81	12
ST 29:1;1	LPC-P	81	12
ST 29:1;1	LPE	75	12
ST 29:1;1	LPE-O	75	12
ST 29:1;1	LPE-P	75	12
ST 29:1;1	LPG	79	12
ST 29:1;1	LPG-O	79	12
ST 29:1;1	LPG-P	79	12
ST 29:1;1	LPI	89	15
ST 29:1;1	LPI-O	89	15
ST 29:1;1	LPI-P	89	15
ST 29:1;1	LPIM1	112	15
ST 29:1;1	LPIM2	135	15
ST 29:1;1	LPIM3	158	15
ST 29:1;1	LPIM4	181	15
ST 29:1;1	LPIM5	204	15
ST 29:1;1	LPIM6	227	15
ST 29:1;1	LPS	81	12
ST 29:1;1	LPS-O	81	12
ST 29:1;1	LPS-P	81	12
ST 29:1;1	LCL	97	12
ST 29:1;1	MMPE	77	12
ST 29:1;1	PA	70	11
ST 29:1;1	PA-O	70	11
ST 29:1;1	PA-P	70	11
ST 29:1;1	PAT16	128	15
ST 29:1;1	PAT18	132	15
ST 29:1;1	PC	81	12
ST 29:1;1	PC-O	81	12
ST 29:1;1	PC-P	81	12
ST 29:1;1	PE	75	12
ST 29:1;1	PE-O	75	12
ST 29:1;1	PE-P	75	12
ST 29:1;1	PEt	73	12
ST 29:1;1	PG	79	12
ST 29:1;1	PG-P	79	12
ST 29:1;1	PG-O	79	12
ST 29:1;1	PI	89	15
ST 29:1;1	PI-P	89	15
ST 29:1;1	PI-O	89	15
ST 29:1;1	PIM1	112	15
ST 29:1;1	PIM2	135	15
ST 29:1;1	PIM3	158	15
ST 29:1;1	PIM4	181	15
ST 29:1;1	PIM5	204	15
ST 29:1;1	PIM6	227	15
ST 29:1;1	PIP	97	15
ST 29:1;1	PIP2	105	15
ST 29:1;1	PIP3	113	15
ST 29:1;1	PS	81	12
ST 29:1;1	PS-P	81	12
ST 29:1;1	PS-O	81	12
ST 29:1;1	DG	65	8
ST 29:1;1	DGDG	104	15
ST 29:1;1	MG	65	8
ST 29:1;1	MGDG	81	15
ST 29:1;1	SQDG	87	15
ST 29:1;1	TG	65	8
ST 29:1;1	Cer	64	5
ST 29:1;1	CerP	69	8
ST 29:1;1	CerPE	73	10
ST 29:1;1	EPC	73	10
ST 29:1;1	HexCer	77	15
ST 29:1;1	GalCer	77	15
ST 29:1;1	GlcCer	77	15
ST 29:1;1	Hex2Cer	100	15
ST 29:1;1	LacCer	100	15
ST 29:1;1	LIPC	85	15
ST 29:1;1	IPC	85	15
ST 29:1;1	SPB	64	5
ST 29:1;1	SPBP	69	8
ST 29:1;1	LHexCer	77	15
ST 29:1;1	LSM	77	12
ST 29:1;1	MIPC	108	15
ST 29:1;1	M(IP)2C	139	15
ST 29:1;1	SHexCer	85	15
ST 29:1;1	SM	77	12
ST 29:1;1	FA	63	1
ST 29:1;1	FAHFA	63	1
ST 29:1;1	FOH	63	1
SE 27:1	SE 27:1	59	59
SE 27:1	GM3	137	15
SE 27:1	GB3	119	15
SE 27:1	GD3	178	15
SE 27:1	Hex3Cer	119	15
SE 27:1	BMP	76	11
SE 27:1	CL	94	11
SE 27:1	CDPDAG	101	18
SE 27:1	DLCL	94	11
SE 27:1	DMPE	75	12
SE 27:1	LPA	67	10
SE 27:1	LPA-O	67	10
SE 27:1	LPA-P	67	10
SE 27:1	LPC	77	12
SE 27:1	LPC-O	77	12
SE 27:1	LPC-P	77	12
SE 27:1	LPE	72	11
SE 27:1	LPE-O	72	11
SE 27:1	LPE-P	72	11
SE 27:1	LPG	76	11
SE 27:1	LPG-O	76	11
SE 27:1	LPG-P	76	11
SE 27:1	LPI	85	15
SE 27:1	LPI-O	85	15
SE 27:1	LPI-P	85	15
SE 27:1	LPIM1	108	15
SE 27:1	LPIM2	131	15
SE 27:1	LPIM3	154	15
SE 27:1	LPIM4	177	15
SE 27:1	LPIM5	200	15
SE 27:1	LPIM6	223	15
SE 27:1	LPS	78	11
SE 27:1	LPS-O	78	11
SE 27:1	LPS-P	78	11
SE 27:1	LCL	94	11
SE 27:1	MMPE	74	11
SE 27:1	PA	67	10
SE 27:1	PA-O	67	10
SE 27:1	PA-P	67	10
SE 27:1	PAT16	124	15
SE 27:1	PAT18	128	15
SE 27:1	PC	77	12
SE 27:1	PC-O	77	12
SE 27:1	PC-P	77	12
SE 27:1	PE	72	11
SE 27:1	PE-O	72	11
SE 27:1	PE-P	72	11
SE 27:1	PEt	70	11
SE 27:1	PG	76	11
SE 27:1	PG-P	76	11
SE 27:1	PG-O	76	11
SE 27:1	PI	85	15
SE 27:1	PI-P	85	15
SE 27:1	PI-O	85	15
SE 27:1	PIM1	108	15
SE 27:1	PIM2	131	15
SE 27:1	PIM3	154	15
SE 27:1	PIM4	177	15
SE 27:1	PIM5	200	15
SE 27:1	PIM6	223	15
SE 27:1	PIP	93	15
SE 27:1	PIP2	101	15
SE 27:1	PIP3	109	15
SE 27:1	PS	78	11
SE 27:1	PS-P	78	11
SE 27:1	PS-O	78	11
SE 27:1	DG	62	7
SE 27:1	DGDG	100	15
SE 27:1	MG	62	7
SE 27:1	MGDG	77	15
SE 27:1	SQDG	83	15
SE 27:1	TG	62	7
SE 27:1	Cer	60	5
SE 27:1	CerP	65	8
SE 27:1	CerPE	69	10
SE 27:1	EPC	69	10
SE 27:1	HexCer	73	15
SE 27:1	GalCer	73	15
SE 27:1	GlcCer	73	15
SE 27:1	Hex2Cer	96	15
SE 27:1	LacCer	96	15
SE 27:1	LIPC	81	15
SE 27:1	IPC	81	15
SE 27:1	SPB	60	5
SE 27:1	SPBP	65	8
SE 27:1	LHexCer	73	15
SE 27:1	LSM	73	12
SE 27:1	MIPC	104	15
SE 27:1	M(IP)2C	135	15
SE 27:1	SHexCer	81	15
SE 27:1	SM	73	12
SE 27:1	FA	59	1
SE 27:1	FAHFA	59	1
SE 27:1	FOH	59	1
GM3	GM3	94	94
GM3	GB3	117	53
GM3	GD3	135	94
GM3	Hex3Cer	117	53
GM3	BMP	112	11
GM3	CL	130	11
GM3	CDPDAG	143	11
GM3	DLCL	130	11
GM3	DMPE	112	11
GM3	LPA	102	11
GM3	LPA-O	102	11
GM3	LPA-P	102	11
GM3	LPC	114	11
GM3	LPC-O	114	11
GM3	LPC-P	114	11
GM3	LPE	108	11
GM3	LPE-O	108	11
GM3	LPE-P	108	11
GM3	LPG	112	11
GM3	LPG-O	112	11
GM3	LPG-P	112	11
GM3	LPI	112	23
GM3	LPI-O	112	23
GM3	LPI-P	112	23
GM3	LPIM1	114	44
GM3	LPIM2	124	57
GM3	LPIM3	146	58
GM3	LPIM4	169	58
GM3	LPIM5	192	58
GM3	LPIM6	215	58
GM3	LPS	114	11
GM3	LPS-O	114	11
GM3	LPS-P	114	11
GM3	LCL	130	11
GM3	MMPE	110	11
GM3	PA	102	11
GM3	PA-O	102	11
GM3	PA-P	102	11
GM3	PAT16	133	41
GM3	PAT18	137	41
GM3	PC	114	11
GM3	PC-O	114	11
GM3	PC-P	114	11
GM3	PE	108	11
GM3	PE-O	108	11
GM3	PE-P	108	11
GM3	PEt	106	11
GM3	PG	112	11
GM3	PG-P	112	11
GM3	PG-O	112	11
GM3	PI	112	23
GM3	PI-P	112	23
GM3	PI-O	112	23
GM3	PIM1	114	44
GM3	PIM2	124	57
GM3	PIM3	146	58
GM3	PIM4	169	58
GM3	PIM5	192	58
GM3	PIM6	215	58
GM3	PIP	119	24
GM3	PIP2	125	26
GM3	PIP3	133	26
GM3	PS	114	11
GM3	PS-P	114	11
GM3	PS-O	114	11
GM3	DG	94	11
GM3	DGDG	121	29
GM3	MG	94	11
GM3	MGDG	98	29
GM3	SQDG	104	29
GM3	TG	94	11
GM3	Cer	94	7
GM3	CerP	100	8
GM3	CerPE	106	8
GM3	EPC	106	8
GM3	HexCer	94	30
GM3	GalCer	94	30
GM3	GlcCer	94	30
GM3	Hex2Cer	117	30
GM3	LacCer	117	30
GM3	LIPC	108	23
GM3	IPC	108	23
GM3	SPB	94	7
GM3	SPBP	100	8
GM3	LHexCer	94	30
GM3	LSM	111	9
GM3	MIPC	110	44
GM3	M(IP)2C	141	44
GM3	SHexCer	102	30
GM3	SM	111	9
GM3	FA	94	1
GM3	FAHFA	94	1
GM3	FOH	94	1
GB3	GB3	76	76
GB3	GD3	158	53
GB3	Hex3Cer	76	76
GB3	BMP	97	7
GB3	CL	115	7
GB3	CDPDAG	125	11
GB3	DLCL	115	7
GB3	DMPE	96	8
GB3	LPA	87	7
GB3	LPA-O	87	7
GB3	LPA-P	87	7
GB3	LPC	98	8
GB3	LPC-O	98	8
GB3	LPC-P	98	8
GB3	LPE	92	8
GB3	LPE-O	92	8
GB3	LPE-P	92	8
GB3	LPG	97	7
GB3	LPG-O	97	7
GB3	LPG-P	97	7
GB3	LPI	94	23
GB3	LPI-O	94	23
GB3	LPI-P	94	23
GB3	LPIM1	96	44
GB3	LPIM2	119	44
GB3	LPIM3	142	44
GB3	LPIM4	165	44
GB3	LPIM5	188	44
GB3	LPIM6	211	44
GB3	LPS	98	8
GB3	LPS-O	98	8
GB3	LPS-P	98	8
GB3	LCL	115	7
GB3	MMPE	94	8
GB3	PA	87	7
GB3	PA-O	87	7
GB3	PA-P	87	7
GB3	PAT16	115	41
GB3	PAT18	119	41
GB3	PC	98	8
GB3	PC-O	98	8
GB3	PC-P	98	8
GB3	PE	92	8
GB3	PE-O	92	8
GB3	PE-P	92	8
GB3	PEt	91	7
GB3	PG	97	7
GB3	PG-P	97	7
GB3	PG-O	97	7
GB3	PI	94	23
GB3	PI-P	94	23
GB3	PI-O	94	23
GB3	PIM1	96	44
GB3	PIM2	119	44
GB3	PIM3	142	44
GB3	PIM4	165	44
GB3	PIM5	188	44
GB3	PIM6	211	44
GB3	PIP	101	24
GB3	PIP2	108	25
GB3	PIP3	116	25
GB3	PS	98	8
GB3	PS-P	98	8
GB3	PS-O	98	8
GB3	DG	80	6
GB3	DGDG	103	29
GB3	MG	80	6
GB3	MGDG	80	29
GB3	SQDG	86	29
GB3	TG	80	6
GB3	Cer	76	7
GB3	CerP	82	8
GB3	CerPE	88	8
GB3	EPC	88	8
GB3	HexCer	76	30
GB3	GalCer	76	30
GB3	GlcCer	76	30
GB3	Hex2Cer	99	30
GB3	LacCer	99	30
GB3	LIPC	90	23
GB3	IPC	90	23
GB3	SPB	76	7
GB3	SPBP	82	8
GB3	LHexCer	76	30
GB3	LSM	94	8
GB3	MIPC	92	44
GB3	M(IP)2C	123	44
GB3	SHexCer	84	30
GB3	SM	94	8
GB3	FA	76	1
GB3	FAHFA	76	1
GB3	FOH	76	1
GD3	GD3	135	135
GD3	Hex3Cer	158	53
GD3	BMP	150	13
GD3	CL	168	13
GD3	CDPDAG	182	13
GD3	DLCL	168	13
GD3	DMPE	150	13
GD3	LPA	140	13
GD3	LPA-O	140	13
GD3	LPA-P	140	13
GD3	LPC	152	13
GD3	LPC-O	152	13
GD3	LPC-P	152	13
GD3	LPE	146	13
GD3	LPE-O	146	13
GD3	LPE-P	146	13
GD3	LPG	150	13
GD3	LPG-O	150	13
GD3	LPG-P	150	13
GD3	LPI	149	27
GD3	LPI-O	149	27
GD3	LPI-P	149	27
GD3	LPIM1	155	44
GD3	LPIM2	165	57
GD3	LPIM3	187	58
GD3	LPIM4	210	58
GD3	LPIM5	233	58
GD3	LPIM6	256	58
GD3	LPS	152	13
GD3	LPS-O	152	13
GD3	LPS-P	152	13
GD3	LCL	168	13
GD3	MMPE	148	13
GD3	PA	140	13
GD3	PA-O	140	13
GD3	PA-P	140	13
GD3	PAT16	174	41
GD3	PAT18	178	41
GD3	PC	152	13
GD3	PC-O	152	13
GD3	PC-P	152	13
GD3	PE	146	13
GD3	PE-O	146	13
GD3	PE-P	146	13
GD3	PEt	144	13
GD3	PG	150	13
GD3	PG-P	150	13
GD3	PG-O	150	13
GD3	PI	149	27
GD3	PI-P	149	27
GD3	PI-O	149	27
GD3	PIM1	155	44
GD3	PIM2	165	57
GD3	PIM3	187	58
GD3	PIM4	210	58
GD3	PIM5	233	58
GD3	PIM6	256	58
GD3	PIP	157	27
GD3	PIP2	162	30
GD3	PIP3	170	30
GD3	PS	152	13
GD3	PS-P	152	13
GD3	PS-O	152	13
GD3	DG	135	11
GD3	DGDG	161	30
GD3	MG	135	11
GD3	MGDG	139	29
GD3	SQDG	145	29
GD3	TG	135	11
GD3	Cer	135	7
GD3	CerP	140	9
GD3	CerPE	144	11
GD3	EPC	144	11
GD3	HexCer	135	30
GD3	GalCer	135	30
GD3	GlcCer	135	30
GD3	Hex2Cer	158	30
GD3	LacCer	158	30
GD3	LIPC	146	26
GD3	IPC	146	26
GD3	SPB	135	7
GD3	SPBP	140	9
GD3	LHexCer	135	30
GD3	LSM	149	12
GD3	MIPC	151	44
GD3	M(IP)2C	182	44
GD3	SHexCer	143	30
GD3	SM	149	12
GD3	FA	135	1
GD3	FAHFA	135	1
GD3	FOH	135	1
Hex3Cer	Hex3Cer	76	76
Hex3Cer	BMP	97	7
Hex3Cer	CL	115	7
Hex3Cer	CDPDAG	125	11
Hex3Cer	DLCL	115	7
Hex3Cer	DMPE	96	8
Hex3Cer	LPA	87	7
Hex3Cer	LPA-O	87	7
Hex3Cer	LPA-P	87	7
Hex3Cer	LPC	98	8
Hex3Cer	LPC-O	98	8
Hex3Cer	LPC-P	98	8
Hex3Cer	LPE	92	8
Hex3Cer	LPE-O	92	8
Hex3Cer	LPE-P	92	8
Hex3Cer	LPG	97	7
Hex3Cer	LPG-O	97	7
Hex3Cer	LPG-P	97	7
Hex3Cer	LPI	94	23
Hex3Cer	LPI-O	94	23
Hex3Cer	LPI-P	94	23
Hex3Cer	LPIM1	96	44
Hex3Cer	LPIM2	119	44
Hex3Cer	LPIM3	142	44
Hex3Cer	LPIM4	165	44
Hex3Cer	LPIM5	188	44
Hex3Cer	LPIM6	211	44
Hex3Cer	LPS	98	8
Hex3Cer	LPS-O	98	8
Hex3Cer	LPS-P	98	8
Hex3Cer	LCL	115	7
Hex3Cer	MMPE	94	8
Hex3Cer	PA	87	7
Hex3Cer	PA-O	87	7
Hex3Cer	PA-P	87	7
Hex3Cer	PAT16	115	41
Hex3Cer	PAT18	119	41
Hex3Cer	PC	98	8
Hex3Cer	PC-O	98	8
Hex3Cer	PC-P	98	8
Hex3Cer	PE	92	8
Hex3Cer	PE-O	92	8
Hex3Cer	PE-P	92	8
Hex3Cer	PEt	91	7
Hex3Cer	PG	97	7
Hex3Cer	PG-P	97	7
Hex3Cer	PG-O	97	7
Hex3Cer	PI	94	23
Hex3Cer	PI-P	94	23
Hex3Cer	PI-O	94	23
Hex3Cer	PIM1	96	44
Hex3Cer	PIM2	119	44
Hex3Cer	PIM3	142	44
Hex3Cer	PIM4	165	44
Hex3Cer	PIM5	188	44
Hex3Cer	PIM6	211	44
Hex3Cer	PIP	101	24
Hex3Cer	PIP2	108	25
Hex3Cer	PIP3	116	25
Hex3Cer	PS	98	8
Hex3Cer	PS-P	98	8
Hex3Cer	PS-O	98	8
Hex3Cer	DG	80	6
Hex3Cer	DGDG	103	29
Hex3Cer	MG	80	6
Hex3Cer	MGDG	80	29
Hex3Cer	SQDG	86	29
Hex3Cer	TG	80	6
Hex3Cer	Cer	76	7
Hex3Cer	CerP	82	8
Hex3Cer	CerPE	88	8
Hex3Cer	EPC	88	8
Hex3Cer	HexCer	76	30
Hex3Cer	GalCer	76	30
Hex3Cer	GlcCer	76	30
Hex3Cer	Hex2Cer	99	30
Hex3Cer	LacCer	99	30
Hex3Cer	LIPC	90	23
Hex3Cer	IPC	90	23
Hex3Cer	SPB	76	7
Hex3Cer	SPBP	82	8
Hex3Cer	LHexCer	76	30
Hex3Cer	LSM	94	8
Hex3Cer	MIPC	92	44
Hex3Cer	M(IP)2C	123	44
Hex3Cer	SHexCer	84	30
Hex3Cer	SM	94	8
Hex3Cer	FA	76	1
Hex3Cer	FAHFA	76	1
Hex3Cer	FOH	76	1
BMP	BMP	29	29
BMP	CL	47	29
BMP	CDPDAG	65	24
BMP	DLCL	47	29
BMP	DMPE	32	25
BMP	LPA	29	19
BMP	LPA-O	29	19
BMP	LPA-P	29	19
BMP	LPC	34	25
BMP	LPC-O	34	25
BMP	LPC-P	34	25
BMP	LPE	29	24
BMP	LPE-O	29	24
BMP	LPE-P	29	24
BMP	LPG	29	29
BMP	LPG-O	29	29
BMP	LPG-P	29	29
BMP	LPI	50	21
BMP	LPI-O	50	21
BMP	LPI-P	50	21
BMP	LPIM1	73	21
BMP	LPIM2	96	21
BMP	LPIM3	119	21
BMP	LPIM4	142	21
BMP	LPIM5	165	21
BMP	LPIM6	188	21
BMP	LPS	31	28
BMP	LPS-O	31	28
BMP	LPS-P	31	28
BMP	LCL	47	29
BMP	MMPE	30	25
BMP	PA	29	19
BMP	PA-O	29	19
BMP	PA-P	29	19
BMP	PAT16	92	17
BMP	PAT18	96	17
BMP	PC	34	25
BMP	PC-O	34	25
BMP	PC-P	34	25
BMP	PE	29	24
BMP	PE-O	29	24
BMP	PE-P	29	24
BMP	PEt	29	23
BMP	PG	29	29
BMP	PG-P	29	29
BMP	PG-O	29	29
BMP	PI	50	21
BMP	PI-P	50	21
BMP	PI-O	50	21
BMP	PIM1	73	21
BMP	PIM2	96	21
BMP	PIM3	119	21
BMP	PIM4	142	21
BMP	PIM5	165	21
BMP	PIM6	188	21
BMP	PIP	58	21
BMP	PIP2	66	21
BMP	PIP3	74	21
BMP	PS	31	28
BMP	PS-P	31	28
BMP	PS-O	31	28
BMP	DG	29	11
BMP	DGDG	73	12
BMP	MG	29	11
BMP	MGDG	50	12
BMP	SQDG	57	11
BMP	TG	29	11
BMP	Cer	29	6
BMP	CerP	29	14
BMP	CerPE	30	19
BMP	EPC	30	19
BMP	HexCer	51	7
BMP	GalCer	51	7
BMP	GlcCer	51	7
BMP	Hex2Cer	74	7
BMP	LacCer	74	7
BMP	LIPC	50	16
BMP	IPC	50	16
BMP	SPB	29	6
BMP	SPBP	29	14
BMP	LHexCer	51	7
BMP	LSM	35	20
BMP	MIPC	73	16
BMP	M(IP)2C	104	16
BMP	SHexCer	57	9
BMP	SM	35	20
BMP	FA	29	1
BMP	FAHFA	29	1
BMP	FOH	29	1
CL	CL	47	47
CL	CDPDAG	83	24
CL	DLCL	47	47
CL	DMPE	50	25
CL	LPA	47	19
CL	LPA-O	47	19
CL	LPA-P	47	19
CL	LPC	52	25
CL	LPC-O	52	25
CL	LPC-P	52	25
CL	LPE	47	24
CL	LPE-O	47	24
CL	LPE-P	47	24
CL	LPG	47	29
CL	LPG-O	47	29
CL	LPG-P	47	29
CL	LPI	68	21
CL	LPI-O	68	21
CL	LPI-P	68	21
CL	LPIM1	91	21
CL	LPIM2	114	21
CL	LPIM3	137	21
CL	LPIM4	160	21
CL	LPIM5	183	21
CL	LPIM6	206	21
CL	LPS	49	28
CL	LPS-O	49	28
CL	LPS-P	49	28
CL	LCL	47	47
CL	MMPE	48	25
CL	PA	47	19
CL	PA-O	47	19
CL	PA-P	47	19
CL	PAT16	101	26
CL	PAT18	105	26
CL	PC	52	25
CL	PC-O	52	25
CL	PC-P	52	25
CL	PE	47	24
CL	PE-O	47	24
CL	PE-P	47	24
CL	PEt	47	23
CL	PG	47	29
CL	PG-P	47	29
CL	PG-O	47	29
CL	PI	68	21
CL	PI-P	68	21
CL	PI-O	68	21
CL	PIM1	91	21
CL	PIM2	114	21
CL	PIM3	137	21
CL	PIM4	160	21
CL	PIM5	183	21
CL	PIM6	206	21
CL	PIP	76	21
CL	PIP2	84	21
CL	PIP3	92	21
CL	PS	49	28
CL	PS-P	49	28
CL	PS-O	49	28
CL	DG	47	11
CL	DGDG	91	12
CL	MG	47	11
CL	MGDG	68	12
CL	SQDG	75	11
CL	TG	47	11
CL	Cer	47	6
CL	CerP	47	14
CL	CerPE	48	19
CL	EPC	48	19
CL	HexCer	69	7
CL	GalCer	69	7
CL	GlcCer	69	7
CL	Hex2Cer	92	7
CL	LacCer	92	7
CL	LIPC	68	16
CL	IPC	68	16
CL	SPB	47	6
CL	SPBP	47	14
CL	LHexCer	69	7
CL	LSM	53	20
CL	MIPC	91	16
CL	M(IP)2C	122	16
CL	SHexCer	75	9
CL	SM	53	20
CL	FA	47	1
CL	FAHFA	47	1
CL	FOH	47	1
CDPDAG	CDPDAG	61	61
CDPDAG	DLCL	83	24
CDPDAG	DMPE	65	24
CDPDAG	LPA	61	19
CDPDAG	LPA-O	61	19
CDPDAG	LPA-P	61	19
CDPDAG	LPC	67	24
CDPDAG	LPC-O	67	24
CDPDAG	LPC-P	67	24
CDPDAG	LPE	63	22
CDPDAG	LPE-O	63	22
CDPDAG	LPE-P	63	22
CDPDAG	LPG	65	24
CDPDAG	LPG-O	65	24
CDPDAG	LPG-P	65	24
CDPDAG	LPI	82	20
CDPDAG	LPI-O	82	20
CDPDAG	LPI-P	82	20
CDPDAG	LPIM1	105	20
CDPDAG	LPIM2	128	20
CDPDAG	LPIM3	151	20
CDPDAG	LPIM4	174	20
CDPDAG	LPIM5	197	20
CDPDAG	LPIM6	220	20
CDPDAG	LPS	67	24
CDPDAG	LPS-O	67	24
CDPDAG	LPS-P	67	24
CDPDAG	LCL	83	24
CDPDAG	MMPE	63	24
CDPDAG	PA	61	19
CDPDAG	PA-O	61	19
CDPDAG	PA-P	61	19
CDPDAG	PAT16	125	16
CDPDAG	PAT18	129	16
CDPDAG	PC	67	24
CDPDAG	PC-O	67	24
CDPDAG	PC-P	67	24
CDPDAG	PE	63	22
CDPDAG	PE-O	63	22
CDPDAG	PE-P	63	22
CDPDAG	PEt	62	21
CDPDAG	PG	65	24
CDPDAG	PG-P	65	24
CDPDAG	PG-O	65	24
CDPDAG	PI	82	20
CDPDAG	PI-P	82	20
CDPDAG	PI-O	82	20
CDPDAG	PIM1	105	20
CDPDAG	PIM2	128	20
CDPDAG	PIM3	151	20
CDPDAG	PIM4	174	20
CDPDAG	PIM5	197	20
CDPDAG	PIM6	220	20
CDPDAG	PIP	90	20
CDPDAG	PIP2	98	20
CDPDAG	PIP3	106	20
CDPDAG	PS	67	24
CDPDAG	PS-P	67	24
CDPDAG	PS-O	67	24
CDPDAG	DG	61	11
CDPDAG	DGDG	105	12
CDPDAG	MG	61	11
CDPDAG	MGDG	82	12
CDPDAG	SQDG	89	11
CDPDAG	TG	61	11
CDPDAG	Cer	61	6
CDPDAG	CerP	61	14
CDPDAG	CerPE	64	17
CDPDAG	EPC	64	17
CDPDAG	HexCer	79	11
CDPDAG	GalCer	79	11
CDPDAG	GlcCer	79	11
CDPDAG	Hex2Cer	102	11
CDPDAG	LacCer	102	11
CDPDAG	LIPC	83	15
CDPDAG	IPC	83	15
CDPDAG	SPB	61	6
CDPDAG	SPBP	61	14
CDPDAG	LHexCer	79	11
CDPDAG	LSM	68	19
CDPDAG	MIPC	106	15
CDPDAG	M(IP)2C	137	15
CDPDAG	SHexCer	87	11
CDPDAG	SM	68	19
CDPDAG	FA	61	1
CDPDAG	FAHFA	61	1
CDPDAG	FOH	61	1
DLCL	DLCL	47	47
DLCL	DMPE	50	25
DLCL	LPA	47	19
DLCL	LPA-O	47	19
DLCL	LPA-P	47	19
DLCL	LPC	52	25
DLCL	LPC-O	52	25
DLCL	LPC-P	52	25
DLCL	LPE	47	24
DLCL	LPE-O	47	24
DLCL	LPE-P	47	24
DLCL	LPG	47	29
DLCL	LPG-O	47	29
DLCL	LPG-P	47	29
DLCL	LPI	68	21
DLCL	LPI-O	68	21
DLCL	LPI-P	68	21
DLCL	LPIM1	91	21
DLCL	LPIM2	114	21
DLCL	LPIM3	137	21
DLCL	LPIM4	160	21
DLCL	LPIM5	183	21
DLCL	LPIM6	206	21
DLCL	LPS	49	28
DLCL	LPS-O	49	28
DLCL	LPS-P	49	28
DLCL	LCL	47	47
DLCL	MMPE	48	25
DLCL	PA	47	19
DLCL	PA-O	47	19
DLCL	PA-P	47	19
DLCL	PAT16	101	26
DLCL	PAT18	105	26
DLCL	PC	52	25
DLCL	PC-O	52	25
DLCL	PC-P	52	25
DLCL	PE	47	24
DLCL	PE-O	47	24
DLCL	PE-P	47	24
DLCL	PEt	47	23
DLCL	PG	47	29
DLCL	PG-P	47	29
DLCL	PG-O	47	29
DLCL	PI	68	21
DLCL	PI-P	68	21
DLCL	PI-O	68	21
DLCL	PIM1	91	21
DLCL	PIM2	114	21
DLCL	PIM3	137	21
DLCL	PIM4	160	21
DLCL	PIM5	183	21
DLCL	PIM6	206	21
DLCL	PIP	76	21
DLCL	PIP2	84	21
DLCL	PIP3	92	21
DLCL	PS	49	28
DLCL	PS-P	49	28
DLCL	PS-O	49	28
DLCL	DG	47	11
DLCL	DGDG	91	12
DLCL	MG	47	11
DLCL	MGDG	68	12
DLCL	SQDG	75	11
DLCL	TG	47	11
DLCL	Cer	47	6
DLCL	CerP	47	14
DLCL	CerPE	48	19
DLCL	EPC	48	19
DLCL	HexCer	69	7
DLCL	GalCer	69	7
DLCL	GlcCer	69	7
DLCL	Hex2Cer	92	7
DLCL	LacCer	92	7
DLCL	LIPC	68	16
DLCL	IPC	68	16
DLCL	SPB	47	6
DLCL	SPBP	47	14
DLCL	LHexCer	69	7
DLCL	LSM	53	20
DLCL	MIPC	91	16
DLCL	M(IP)2C	122	16
DLCL	SHexCer	75	9
DLCL	SM	53	20
DLCL	FA	47	1
DLCL	FAHFA	47	1
DLCL	FOH	47	1
DMPE	DMPE	29	29
DMPE	LPA	29	19
DMPE	LPA-O	29	19
DMPE	LPA-P	29	19
DMPE	LPC	31	29
DMPE	LPC-O	31	29
DMPE	LPC-P	31	29
DMPE	LPE	29	25
DMPE	LPE-O	29	25
DMPE	LPE-P	29	25
DMPE	LPG	32	25
DMPE	LPG-O	32	25
DMPE	LPG-P	32	25
DMPE	LPI	50	21
DMPE	LPI-O	50	21
DMPE	LPI-P	50	21
DMPE	LPIM1	73	21
DMPE	LPIM2	96	21
DMPE	LPIM3	119	21
DMPE	LPIM4	142	21
DMPE	LPIM5	165	21
DMPE	LPIM6	188	21
DMPE	LPS	34	25
DMPE	LPS-O	34	25
DMPE	LPS-P	34	25
DMPE	LCL	50	25
DMPE	MMPE	29	27
DMPE	PA	29	19
DMPE	PA-O	29	19
DMPE	PA-P	29	19
DMPE	PAT16	92	17
DMPE	PAT18	96	17
DMPE	PC	31	29
DMPE	PC-O	31	29
DMPE	PC-P	31	29
DMPE	PE	29	25
DMPE	PE-O	29	25
DMPE	PE-P	29	25
DMPE	PEt	29	23
DMPE	PG	32	25
DMPE	PG-P	32	25
DMPE	PG-O	32	25
DMPE	PI	50	21
DMPE	PI-P	50	21
DMPE	PI-O	50	21
DMPE	PIM1	73	21
DMPE	PIM2	96	21
DMPE	PIM3	119	21
DMPE	PIM4	142	21
DMPE	PIM5	165	21
DMPE	PIM6	188	21
DMPE	PIP	58	21
DMPE	PIP2	66	21
DMPE	PIP3	74	21
DMPE	PS	34	25
DMPE	PS-P	34	25
DMPE	PS-O	34	25
DMPE	DG	29	11
DMPE	DGDG	73	12
DMPE	MG	29	11
DMPE	MGDG	50	12
DMPE	SQDG	57	11
DMPE	TG	29	11
DMPE	Cer	29	7
DMPE	CerP	29	15
DMPE	CerPE	29	20
DMPE	EPC	29	20
DMPE	HexCer	50	8
DMPE	GalCer	50	8
DMPE	GlcCer	50	8
DMPE	Hex2Cer	73	8
DMPE	LacCer	73	8
DMPE	LIPC	50	17
DMPE	IPC	50	17
DMPE	SPB	29	7
DMPE	SPBP	29	15
DMPE	LHexCer	50	8
DMPE	LSM	31	24
DMPE	MIPC	73	17
DMPE	M(IP)2C	104	17
DMPE	SHexCer	57	9
DMPE	SM	31	24
DMPE	FA	29	1
DMPE	FAHFA	29	1
DMPE	FOH	29	1
LPA	LPA	19	19
LPA	LPA-O	19	19
LPA	LPA-P	19	19
LPA	LPC	31	19
LPA	LPC-O	31	19
LPA	LPC-P	31	19
LPA	LPE	25	19
LPA	LPE-O	25	19
LPA	LPE-P	25	19
LPA	LPG	29	19
LPA	LPG-O	29	19
LPA	LPG-P	29	19
LPA	LPI	42	19
LPA	LPI-O	42	19
LPA	LPI-P	42	19
LPA	LPIM1	65	19
LPA	LPIM2	88	19
LPA	LPIM3	111	19
LPA	LPIM4	134	19
LPA	LPIM5	157	19
LPA	LPIM6	180	19
LPA	LPS	31	19
LPA	LPS-O	31	19
LPA	LPS-P	31	19
LPA	LCL	47	19
LPA	MMPE	27	19
LPA	PA	19	19
LPA	PA-O	19	19
LPA	PA-P	19	19
LPA	PAT16	87	12
LPA	PAT18	91	12
LPA	PC	31	19
LPA	PC-O	31	19
LPA	PC-P	31	19
LPA	PE	25	19
LPA	PE-O	25	19
LPA	PE-P	25	19
LPA	PEt	23	19
LPA	PG	29	19
LPA	PG-P	29	19
LPA	PG-O	29	19
LPA	PI	42	19
LPA	PI-P	42	19
LPA	PI-O	42	19
LPA	PIM1	65	19
LPA	PIM2	88	19
LPA	PIM3	111	19
LPA	PIM4	134	19
LPA	PIM5	157	19
LPA	PIM6	180	19
LPA	PIP	50	19
LPA	PIP2	58	19
LPA	PIP3	66	19
LPA	PS	31	19
LPA	PS-P	31	19
LPA	PS-O	31	19
LPA	DG	19	11
LPA	DGDG	63	12
LPA	MG	19	11
LPA	MGDG	40	12
LPA	SQDG	47	11
LPA	TG	19	11
LPA	Cer	19	6
LPA	CerP	19	14
LPA	CerPE	25	14
LPA	EPC	25	14
LPA	HexCer	41	7
LPA	GalCer	41	7
LPA	GlcCer	41	7
LPA	Hex2Cer	64	7
LPA	LacCer	64	7
LPA	LIPC	42	14
LPA	IPC	42	14
LPA	SPB	19	6
LPA	SPBP	19	14
LPA	LHexCer	41	7
LPA	LSM	30	15
LPA	MIPC	65	14
LPA	M(IP)2C	96	14
LPA	SHexCer	47	9
LPA	SM	30	15
LPA	FA	19	1
LPA	FAHFA	19	1
LPA	FOH	19	1
LPA-O	LPA-O	19	19
LPA-O	LPA-P	19	19
LPA-O	LPC	31	19
LPA-O	LPC-O	31	19
LPA-O	LPC-P	31	19
LPA-O	LPE	25	19
LPA-O	LPE-O	25	19
LPA-O	LPE-P	25	19
LPA-O	LPG	29	19
LPA-O	LPG-O	29	19
LPA-O	LPG-P	29	19
LPA-O	LPI	42	19
LPA-O	LPI-O	42	19
LPA-O	LPI-P	42	19
LPA-O	LPIM1	65	19
LPA-O	LPIM2	88	19
LPA-O	LPIM3	111	19
LPA-O	LPIM4	134	19
LPA-O	LPIM5	157	19
LPA-O	LPIM6	180	19
LPA-O	LPS	31	19
LPA-O	LPS-O	31	19
LPA-O	LPS-P	31	19
LPA-O	LCL	47	19
LPA-O	MMPE	27	19
LPA-O	PA	19	19
LPA-O	PA-O	19	19
LPA-O	PA-P	19	19
LPA-O	PAT16	87	12
LPA-O	PAT18	91	12
LPA-O	PC	31	19
LPA-O	PC-O	31	19
LPA-O	PC-P	31	19
LPA-O	PE	25	19
LPA-O	PE-O	25	19
LPA-O	PE-P	25	19
LPA-O	PEt	23	19
LPA-O	PG	29	19
LPA-O	PG-P	29	19
LPA-O	PG-O	29	19
LPA-O	PI	42	19
LPA-O	PI-P	42	19
LPA-O	PI-O	42	19
LPA-O	PIM1	65	19
LPA-O	PIM2	88	19
LPA-O	PIM3	111	19
LPA-O	PIM4	134	19
LPA-O	PIM5	157	19
LPA-O	PIM6	180	19
LPA-O	PIP	50	19
LPA-O	PIP2	58	19
LPA-O	PIP3	66	19
LPA-O	PS	31	19
LPA-O	PS-P	31	19
LPA-O	PS-O	31	19
LPA-O	DG	19	11
LPA-O	DGDG	63	12
LPA-O	MG	19	11
LPA-O	MGDG	40	12
LPA-O	SQDG	47	11
LPA-O	TG	19	11
LPA-O	Cer	19	6
LPA-O	CerP	19	14
LPA-O	CerPE	25	14
LPA-O	EPC	25	14
LPA-O	HexCer	41	7
LPA-O	GalCer	41	7
LPA-O	GlcCer	41	7
LPA-O	Hex2Cer	64	7
LPA-O	LacCer	64	7
LPA-O	LIPC	42	14
LPA-O	IPC	42	14
LPA-O	SPB	19	6
LPA-O	SPBP	19	14
LPA-O	LHexCer	41	7
LPA-O	LSM	30	15
LPA-O	MIPC	65	14
LPA-O	M(IP)2C	96	14
LPA-O	SHexCer	47	9
LPA-O	SM	30	15
LPA-O	FA	19	1
LPA-O	FAHFA	19	1
LPA-O	FOH	19	1
LPA-P	LPA-P	19	19
LPA-P	LPC	31	19
LPA-P	LPC-O	31	19
LPA-P	LPC-P	31	19
LPA-P	LPE	25	19
LPA-P	LPE-O	25	19
LPA-P	LPE-P	25	19
LPA-P	LPG	29	19
LPA-P	LPG-O	29	19
LPA-P	LPG-P	29	19
LPA-P	LPI	42	19
LPA-P	LPI-O	42	19
LPA-P	LPI-P	42	19
LPA-P	LPIM1	65	19
LPA-P	LPIM2	88	19
LPA-P	LPIM3	111	19
LPA-P	LPIM4	134	19
LPA-P	LPIM5	157	19
LPA-P	LPIM6	180	19
LPA-P	LPS	31	19
LPA-P	LPS-O	31	19
LPA-P	LPS-P	31	19
LPA-P	LCL	47	19
LPA-P	MMPE	27	19
LPA-P	PA	19	19
LPA-P	PA-O	19	19
LPA-P	PA-P	19	19
LPA-P	PAT16	87	12
LPA-P	PAT18	91	12
LPA-P	PC	31	19
LPA-P	PC-O	31	19
LPA-P	PC-P	31	19
LPA-P	PE	25	19
LPA-P	PE-O	25	19
LPA-P	PE-P	25	19
LPA-P	PEt	23	19
LPA-P	PG	29	19
LPA-P	PG-P	29	19
LPA-P	PG-O	29	19
LPA-P	PI	42	19
LPA-P	PI-P	42	19
LPA-P	PI-O	42	19
LPA-P	PIM1	65	19
LPA-P	PIM2	88	19
LPA-P	PIM3	111	19
LPA-P	PIM4	134	19
LPA-P	PIM5	157	19
LPA-P	PIM6	180	19
LPA-P	PIP	50	19
LPA-P	PIP2	58	19
LPA-P	PIP3	66	19
LPA-P	PS	31	19
LPA-P	PS-P	31	19
LPA-P	PS-O	31	19
LPA-P	DG	19	11
LPA-P	DGDG	63	12
LPA-P	MG	19	11
LPA-P	MGDG	40	12
LPA-P	SQDG	47	11
LPA-P	TG	19	11
LPA-P	Cer	19	6
LPA-P	CerP	19	14
LPA-P	CerPE	25	14
LPA-P	EPC	25	14
LPA-P	HexCer	41	7
LPA-P	GalCer	41	7
LPA-P	GlcCer	41	7
LPA-P	Hex2Cer	64	7
LPA-P	LacCer	64	7
LPA-P	LIPC	42	14
LPA-P	IPC	42	14
LPA-P	SPB	19	6
LPA-P	SPBP	19	14
LPA-P	LHexCer	41	7
LPA-P	LSM	30	15
LPA-P	MIPC	65	14
LPA-P	M(IP)2C	96	14
LPA-P	SHexCer	47	9
LPA-P	SM	30	15
LPA-P	FA	19	1
LPA-P	FAHFA	19	1
LPA-P	FOH	19	1
LPC	LPC	31	31
LPC	LPC-O	31	31
LPC	LPC-P	31	31
LPC	LPE	31	25
LPC	LPE-O	31	25
LPC	LPE-P	31	25
LPC	LPG	34	25
LPC	LPG-O	34	25
LPC	LPG-P	34	25
LPC	LPI	52	21
LPC	LPI-O	52	21
LPC	LPI-P	52	21
LPC	LPIM1	75	21
LPC	LPIM2	98	21
LPC	LPIM3	121	21
LPC	LPIM4	144	21
LPC	LPIM5	167	21
LPC	LPIM6	190	21
LPC	LPS	36	25
LPC	LPS-O	36	25
LPC	LPS-P	36	25
LPC	LCL	52	25
LPC	MMPE	31	27
LPC	PA	31	19
LPC	PA-O	31	19
LPC	PA-P	31	19
LPC	PAT16	94	17
LPC	PAT18	98	17
LPC	PC	31	31
LPC	PC-O	31	31
LPC	PC-P	31	31
LPC	PE	31	25
LPC	PE-O	31	25
LPC	PE-P	31	25
LPC	PEt	31	23
LPC	PG	34	25
LPC	PG-P	34	25
LPC	PG-O	34	25
LPC	PI	52	21
LPC	PI-P	52	21
LPC	PI-O	52	21
LPC	PIM1	75	21
LPC	PIM2	98	21
LPC	PIM3	121	21
LPC	PIM4	144	21
LPC	PIM5	167	21
LPC	PIM6	190	21
LPC	PIP	60	21
LPC	PIP2	68	21
LPC	PIP3	76	21
LPC	PS	36	25
LPC	PS-P	36	25
LPC	PS-O	36	25
LPC	DG	31	11
LPC	DGDG	75	12
LPC	MG	31	11
LPC	MGDG	52	12
LPC	SQDG	59	11
LPC	TG	31	11
LPC	Cer	31	7
LPC	CerP	31	15
LPC	CerPE	31	20
LPC	EPC	31	20
LPC	HexCer	52	8
LPC	GalCer	52	8
LPC	GlcCer	52	8
LPC	Hex2Cer	75	8
LPC	LacCer	75	8
LPC	LIPC	52	17
LPC	IPC	52	17
LPC	SPB	31	7
LPC	SPBP	31	15
LPC	LHexCer	52	8
LPC	LSM	31	26
LPC	MIPC	75	17
LPC	M(IP)2C	106	17
LPC	SHexCer	59	9
LPC	SM	31	26
LPC	FA	31	1
LPC	FAHFA	31	1
LPC	FOH	31	1
LPC-O	LPC-O	31	31
LPC-O	LPC-P	31	31
LPC-O	LPE	31	25
LPC-O	LPE-O	31	25
LPC-O	LPE-P	31	25
LPC-O	LPG	34	25
LPC-O	LPG-O	34	25
LPC-O	LPG-P	34	25
LPC-O	LPI	52	21
LPC-O	LPI-O	52	21
LPC-O	LPI-P	52	21
LPC-O	LPIM1	75	21
LPC-O	LPIM2	98	21
LPC-O	LPIM3	121	21
LPC-O	LPIM4	144	21
LPC-O	LPIM5	167	21
LPC-O	LPIM6	190	21
LPC-O	LPS	36	25
LPC-O	LPS-O	36	25
LPC-O	LPS-P	36	25
LPC-O	LCL	52	25
LPC-O	MMPE	31	27
LPC-O	PA	31	19
LPC-O	PA-O	31	19
LPC-O	PA-P	31	19
LPC-O	PAT16	94	17
LPC-O	PAT18	98	17
LPC-O	PC	31	31
LPC-O	PC-O	31	31
LPC-O	PC-P	31	31
LPC-O	PE	31	25
LPC-O	PE-O	31	25
LPC-O	PE-P	31	25
LPC-O	PEt	31	23
LPC-O	PG	34	25
LPC-O	PG-P	34	25
LPC-O	PG-O	34	25
LPC-O	PI	52	21
LPC-O	PI-P	52	21
LPC-O	PI-O	52	21
LPC-O	PIM1	75	21
LPC-O	PIM2	98	21
LPC-O	PIM3	121	21
LPC-O	PIM4	144	21
LPC-O	PIM5	167	21
LPC-O	PIM6	190	21
LPC-O	PIP	60	21
LPC-O	PIP2	68	21
LPC-O	PIP3	76	21
LPC-O	PS	36	25
LPC-O	PS-P	36	25
LPC-O	PS-O	36	25
LPC-O	DG	31	11
LPC-O	DGDG	75	12
LPC-O	MG	31	11
LPC-O	MGDG	52	12
LPC-O	SQDG	59	11
LPC-O	TG	31	11
LPC-O	Cer	31	7
LPC-O	CerP	31	15
LPC-O	CerPE	31	20
LPC-O	EPC	31	20
LPC-O	HexCer	52	8
LPC-O	GalCer	52	8
LPC-O	GlcCer	52	8
LPC-O	Hex2Cer	75	8
LPC-O	LacCer	75	8
LPC-O	LIPC	52	17
LPC-O	IPC	52	17
LPC-O	SPB	31	7
LPC-O	SPBP	31	15
LPC-O	LHexCer	52	8
LPC-O	LSM	31	26
LPC-O	MIPC	75	17
LPC-O	M(IP)2C	106	17
LPC-O	SHexCer	59	9
LPC-O	SM	31	26
LPC-O	FA	31	1
LPC-O	FAHFA	31	1
LPC-O	FOH	31	1
LPC-P	LPC-P	31	31
LPC-P	LPE	31	25
LPC-P	LPE-O	31	25
LPC-P	LPE-P	31	25
LPC-P	LPG	34	25
LPC-P	LPG-O	34	25
LPC-P	LPG-P	34	25
LPC-P	LPI	52	21
LPC-P	LPI-O	52	21
LPC-P	LPI-P	52	21
LPC-P	LPIM1	75	21
LPC-P	LPIM2	98	21
LPC-P	LPIM3	121	21
LPC-P	LPIM4	144	21
LPC-P	LPIM5	167	21
LPC-P	LPIM6	190	21
LPC-P	LPS	36	25
LPC-P	LPS-O	36	25
LPC-P	LPS-P	36	25
LPC-P	LCL	52	25
LPC-P	MMPE	31	27
LPC-P	PA	31	19
LPC-P	PA-O	31	19
LPC-P	PA-P	31	19
LPC-P	PAT16	94	17
LPC-P	PAT18	98	17
LPC-P	PC	31	31
LPC-P	PC-O	31	31
LPC-P	PC-P	31	31
LPC-P	PE	31	25
LPC-P	PE-O	31	25
LPC-P	PE-P	31	25
LPC-P	PEt	31	23
LPC-P	PG	34	25
LPC-P	PG-P	34	25
LPC-P	PG-O	34	25
LPC-P	PI	52	21
LPC-P	PI-P	52	21
LPC-P	PI-O	52	21
LPC-P	PIM1	75	21
LPC-P	PIM2	98	21
LPC-P	PIM3	121	21
LPC-P	PIM4	144	21
LPC-P	PIM5	167	21
LPC-P	PIM6	190	21
LPC-P	PIP	60	21
LPC-P	PIP2	68	21
LPC-P	PIP3	76	21
LPC-P	PS	36	25
LPC-P	PS-P	36	25
LPC-P	PS-O	36	25
LPC-P	DG	31	11
LPC-P	DGDG	75	12
LPC-P	MG	31	11
LPC-P	MGDG	52	12
LPC-P	SQDG	59	11
LPC-P	TG	31	11
LPC-P	Cer	31	7
LPC-P	CerP	31	15
LPC-P	CerPE	31	20
LPC-P	EPC	31	20
LPC-P	HexCer	52	8
LPC-P	GalCer	52	8
LPC-P	GlcCer	52	8
LPC-P	Hex2Cer	75	8
LPC-P	LacCer	75	8
LPC-P	LIPC	52	17
LPC-P	IPC	52	17
LPC-P	SPB	31	7
LPC-P	SPBP	31	15
LPC-P	LHexCer	52	8
LPC-P	LSM	31	26
LPC-P	MIPC	75	17
LPC-P	M(IP)2C	106	17
LPC-P	SHexCer	59	9
LPC-P	SM	31	26
LPC-P	FA	31	1
LPC-P	FAHFA	31	1
LPC-P	FOH	31	1
LPE	LPE	25	25
LPE	LPE-O	25	25
LPE	LPE-P	25	25
LPE	LPG	29	24
LPE	LPG-O	29	24
LPE	LPG-P	29	24
LPE	LPI	46	21
LPE	LPI-O	46	21
LPE	LPI-P	46	21
LPE	LPIM1	69	21
LPE	LPIM2	92	21
LPE	LPIM3	115	21
LPE	LPIM4	138	21
LPE	LPIM5	161	21
LPE	LPIM6	184	21
LPE	LPS	31	25
LPE	LPS-O	31	25
LPE	LPS-P	31	25
LPE	LCL	47	24
LPE	MMPE	27	25
LPE	PA	25	19
LPE	PA-O	25	19
LPE	PA-P	25	19
LPE	PAT16	90	15
LPE	PAT18	94	15
LPE	PC	31	25
LPE	PC-O	31	25
LPE	PC-P	31	25
LPE	PE	25	25
LPE	PE-O	25	25
LPE	PE-P	25	25
LPE	PEt	25	23
LPE	PG	29	24
LPE	PG-P	29	24
LPE	PG-O	29	24
LPE	PI	46	21
LPE	PI-P	46	21
LPE	PI-O	46	21
LPE	PIM1	69	21
LPE	PIM2	92	21
LPE	PIM3	115	21
LPE	PIM4	138	21
LPE	PIM5	161	21
LPE	PIM6	184	21
LPE	PIP	54	21
LPE	PIP2	62	21
LPE	PIP3	70	21
LPE	PS	31	25
LPE	PS-P	31	25
LPE	PS-O	31	25
LPE	DG	25	11
LPE	DGDG	69	12
LPE	MG	25	11
LPE	MGDG	46	12
LPE	SQDG	53	11
LPE	TG	25	11
LPE	Cer	25	7
LPE	CerP	25	15
LPE	CerPE	25	20
LPE	EPC	25	20
LPE	HexCer	46	8
LPE	GalCer	46	8
LPE	GlcCer	46	8
LPE	Hex2Cer	69	8
LPE	LacCer	69	8
LPE	LIPC	46	17
LPE	IPC	46	17
LPE	SPB	25	7
LPE	SPBP	25	15
LPE	LHexCer	46	8
LPE	LSM	30	21
LPE	MIPC	69	17
LPE	M(IP)2C	100	17
LPE	SHexCer	53	9
LPE	SM	30	21
LPE	FA	25	1
LPE	FAHFA	25	1
LPE	FOH	25	1
LPE-O	LPE-O	25	25
LPE-O	LPE-P	25	25
LPE-O	LPG	29	24
LPE-O	LPG-O	29	24
LPE-O	LPG-P	29	24
LPE-O	LPI	46	21
LPE-O	LPI-O	46	21
LPE-O	LPI-P	46	21
LPE-O	LPIM1	69	21
LPE-O	LPIM2	92	21
LPE-O	LPIM3	115	21
LPE-O	LPIM4	138	21
LPE-O	LPIM5	161	21
LPE-O	LPIM6	184	21
LPE-O	LPS	31	25
LPE-O	LPS-O	31	25
LPE-O	LPS-P	31	25
LPE-O	LCL	47	24
LPE-O	MMPE	27	25
LPE-O	PA	25	19
LPE-O	PA-O	25	19
LPE-O	PA-P	25	19
LPE-O	PAT16	90	15
LPE-O	PAT18	94	15
LPE-O	PC	31	25
LPE-O	PC-O	31	25
LPE-O	PC-P	31	25
LPE-O	PE	25	25
LPE-O	PE-O	25	25
LPE-O	PE-P	25	25
LPE-O	PEt	25	23
LPE-O	PG	29	24
LPE-O	PG-P	29	24
LPE-O	PG-O	29	24
LPE-O	PI	46	21
LPE-O	PI-P	46	21
LPE-O	PI-O	46	21
LPE-O	PIM1	69	21
LPE-O	PIM2	92	21
LPE-O	PIM3	115	21
LPE-O	PIM4	138	21
LPE-O	PIM5	161	21
LPE-O	PIM6	184	21
LPE-O	PIP	54	21
LPE-O	PIP2	62	21
LPE-O	PIP3	70	21
LPE-O	PS	31	25
LPE-O	PS-P	31	25
LPE-O	PS-O	31	25
LPE-O	DG	25	11
LPE-O	DGDG	69	12
LPE-O	MG	25	11
LPE-O	MGDG	46	12
LPE-O	SQDG	53	11
LPE-O	TG	25	11
LPE-O	Cer	25	7
LPE-O	CerP	25	15
LPE-O	CerPE	25	20
LPE-O	EPC	25	20
LPE-O	HexCer	46	8
LPE-O	GalCer	46	8
LPE-O	GlcCer	46	8
LPE-O	Hex2Cer	69	8
LPE-O	LacCer	69	8
LPE-O	LIPC	46	17
LPE-O	IPC	46	17
LPE-O	SPB	25	7
LPE-O	SPBP	25	15
LPE-O	LHexCer	46	8
LPE-O	LSM	30	21
LPE-O	MIPC	69	17
LPE-O	M(IP)2C	100	17
LPE-O	SHexCer	53	9
LPE-O	SM	30	21
LPE-O	FA	25	1
LPE-O	FAHFA	25	1
LPE-O	FOH	25	1
LPE-P	LPE-P	25	25
LPE-P	LPG	29	24
LPE-P	LPG-O	29	24
LPE-P	LPG-P	29	24
LPE-P	LPI	46	21
LPE-P	LPI-O	46	21
LPE-P	LPI-P	46	21
LPE-P	LPIM1	69	21
LPE-P	LPIM2	92	21
LPE-P	LPIM3	115	21
LPE-P	LPIM4	138	21
LPE-P	LPIM5	161	21
LPE-P	LPIM6	184	21
LPE-P	LPS	31	25
LPE-P	LPS-O	31	25
LPE-P	LPS-P	31	25
LPE-P	LCL	47	24
LPE-P	MMPE	27	25
LPE-P	PA	25	19
LPE-P	PA-O	25	19
LPE-P	PA-P	25	19
LPE-P	PAT16	90	15
LPE-P	PAT18	94	15
LPE-P	PC	31	25
LPE-P	PC-O	31	25
LPE-P	PC-P	31	25
LPE-P	PE	25	25
LPE-P	PE-O	25	25
LPE-P	PE-P	25	25
LPE-P	PEt	25	23
LPE-P	PG	29	24
LPE-P	PG-P	29	24
LPE-P	PG-O	29	24
LPE-P	PI	46	21
LPE-P	PI-P	46	21
LPE-P	PI-O	46	21
LPE-P	PIM1	69	21
LPE-P	PIM2	92	21
LPE-P	PIM3	115	21
LPE-P	PIM4	138	21
LPE-P	PIM5	161	21
LPE-P	PIM6	184	21
LPE-P	PIP	54	21
LPE-P	PIP2	62	21
LPE-P	PIP3	70	21
LPE-P	PS	31	25
LPE-P	PS-P	31	25
LPE-P	PS-O	31	25
LPE-P	DG	25	11
LPE-P	DGDG	69	12
LPE-P	MG	25	11
LPE-P	MGDG	46	12
LPE-P	SQDG	53	11
LPE-P	TG	25	11
LPE-P	Cer	25	7
LPE-P	CerP	25	15
LPE-P	CerPE	25	20
LPE-P	EPC	25	20
LPE-P	HexCer	46	8
LPE-P	GalCer	46	8
LPE-P	GlcCer	46	8
LPE-P	Hex2Cer	69	8
LPE-P	LacCer	69	8
LPE-P	LIPC	46	17
LPE-P	IPC	46	17
LPE-P	SPB	25	7
LPE-P	SPBP	25	15
LPE-P	LHexCer	46	8
LPE-P	LSM	30	21
LPE-P	MIPC	69	17
LPE-P	M(IP)2C	100	17
LPE-P	SHexCer	53	9
LPE-P	SM	30	21
LPE-P	FA	25	1
LPE-P	FAHFA	25	1
LPE-P	FOH	25	1
LPG	LPG	29	29
LPG	LPG-O	29	29
LPG	LPG-P	29	29
LPG	LPI	50	21
LPG	LPI-O	50	21
LPG	LPI-P	50	21
LPG	LPIM1	73	21
LPG	LPIM2	96	21
LPG	LPIM3	119	21
LPG	LPIM4	142	21
LPG	LPIM5	165	21
LPG	LPIM6	188	21
LPG	LPS	31	28
LPG	LPS-O	31	28
LPG	LPS-P	31	28
LPG	LCL	47	29
LPG	MMPE	30	25
LPG	PA	29	19
LPG	PA-O	29	19
LPG	PA-P	29	19
LPG	PAT16	92	17
LPG	PAT18	96	17
LPG	PC	34	25
LPG	PC-O	34	25
LPG	PC-P	34	25
LPG	PE	29	24
LPG	PE-O	29	24
LPG	PE-P	29	24
LPG	PEt	29	23
LPG	PG	29	29
LPG	PG-P	29	29
LPG	PG-O	29	29
LPG	PI	50	21
LPG	PI-P	50	21
LPG	PI-O	50	21
LPG	PIM1	73	21
LPG	PIM2	96	21
LPG	PIM3	119	21
LPG	PIM4	142	21
LPG	PIM5	165	21
LPG	PIM6	188	21
LPG	PIP	58	21
LPG	PIP2	66	21
LPG	PIP3	74	21
LPG	PS	31	28
LPG	PS-P	31	28
LPG	PS-O	31	28
LPG	DG	29	11
LPG	DGDG	73	12
LPG	MG	29	11
LPG	MGDG	50	12
LPG	SQDG	57	11
LPG	TG	29	11
LPG	Cer	29	6
LPG	CerP	29	14
LPG	CerPE	30	19
LPG	EPC	30	19
LPG	HexCer	51	7
LPG	GalCer	51	7
LPG	GlcCer	51	7
LPG	Hex2Cer	74	7
LPG	LacCer	74	7
LPG	LIPC	50	16
LPG	IPC	50	16
LPG	SPB	29	6
LPG	SPBP	29	14
LPG	LHexCer	51	7
LPG	LSM	35	20
LPG	MIPC	73	16
LPG	M(IP)2C	104	16
LPG	SHexCer	57	9
LPG	SM	35	20
LPG	FA	29	1
LPG	FAHFA	29	1
LPG	FOH	29	1
LPG-O	LPG-O	29	29
LPG-O	LPG-P	29	29
LPG-O	LPI	50	21
LPG-O	LPI-O	50	21
LPG-O	LPI-P	50	21
LPG-O	LPIM1	73	21
LPG-O	LPIM2	96	21
LPG-O	LPIM3	119	21
LPG-O	LPIM4	142	21
LPG-O	LPIM5	165	21
LPG-O	LPIM6	188	21
LPG-O	LPS	31	28
LPG-O	LPS-O	31	28
LPG-O	LPS-P	31	28
LPG-O	LCL	47	29
LPG-O	MMPE	30	25
LPG-O	PA	29	19
LPG-O	PA-O	29	19
LPG-O	PA-P	29	19
LPG-O	PAT16	92	17
LPG-O	PAT18	96	17
LPG-O	PC	34	25
LPG-O	PC-O	34	25
LPG-O	PC-P	34	25
LPG-O	PE	29	24
LPG-O	PE-O	29	24
LPG-O	PE-P	29	24
LPG-O	PEt	29	23
LPG-O	PG	29	29
LPG-O	PG-P	29	29
LPG-O	PG-O	29	29
LPG-O	PI	50	21
LPG-O	PI-P	50	21
LPG-O	PI-O	50	21
LPG-O	PIM1	73	21
LPG-O	PIM2	96	21
LPG-O	PIM3	119	21
LPG-O	PIM4	142	21
LPG-O	PIM5	165	21
LPG-O	PIM6	188	21
LPG-O	PIP	58	21
LPG-O	PIP2	66	21
LPG-O	PIP3	74	21
LPG-O	PS	31	28
LPG-O	PS-P	31	28
LPG-O	PS-O	31	28
LPG-O	DG	29	11
LPG-O	DGDG	73	12
LPG-O	MG	29	11
LPG-O	MGDG	50	12
LPG-O	SQDG	57	11
LPG-O	TG	29	11
LPG-O	Cer	29	6
LPG-O	CerP	29	14
LPG-O	CerPE	30	19
LPG-O	EPC	30	19
LPG-O	HexCer	51	7
LPG-O	GalCer	51	7
LPG-O	GlcCer	51	7
LPG-O	Hex2Cer	74	7
LPG-O	LacCer	74	7
LPG-O	LIPC	50	16
LPG-O	IPC	50	16
LPG-O	SPB	29	6
LPG-O	SPBP	29	14
LPG-O	LHexCer	51	7
LPG-O	LSM	35	20
LPG-O	MIPC	73	16
LPG-O	M(IP)2C	104	16
LPG-O	SHexCer	57	9
LPG-O	SM	35	20
LPG-O	FA	29	1
LPG-O	FAHFA	29	1
LPG-O	FOH	29	1
LPG-P	LPG-P	29	29
LPG-P	LPI	50	21
LPG-P	LPI-O	50	21
LPG-P	LPI-P	50	21
LPG-P	LPIM1	73	21
LPG-P	LPIM2	96	21
LPG-P	LPIM3	119	21
LPG-P	LPIM4	142	21
LPG-P	LPIM5	165	21
LPG-P	LPIM6	188	21
LPG-P	LPS	31	28
LPG-P	LPS-O	31	28
LPG-P	LPS-P	31	28
LPG-P	LCL	47	29
LPG-P	MMPE	30	25
LPG-P	PA	29	19
LPG-P	PA-O	29	19
LPG-P	PA-P	29	19
LPG-P	PAT16	92	17
LPG-P	PAT18	96	17
LPG-P	PC	34	25
LPG-P	PC-O	34	25
LPG-P	PC-P	34	25
LPG-P	PE	29	24
LPG-P	PE-O	29	24
LPG-P	PE-P	29	24
LPG-P	PEt	29	23
LPG-P	PG	29	29
LPG-P	PG-P	29	29
LPG-P	PG-O	29	29
LPG-P	PI	50	21
LPG-P	PI-P	50	21
LPG-P	PI-O	50	21
LPG-P	PIM1	73	21
LPG-P	PIM2	96	21
LPG-P	PIM3	119	21
LPG-P	PIM4	142	21
LPG-P	PIM5	165	21
LPG-P	PIM6	188	21
LPG-P	PIP	58	21
LPG-P	PIP2	66	21
LPG-P	PIP3	74	21
LPG-P	PS	31	28
LPG-P	PS-P	31	28
LPG-P	PS-O	31	28
LPG-P	DG	29	11
LPG-P	DGDG	73	12
LPG-P	MG	29	11
LPG-P	MGDG	50	12
LPG-P	SQDG	57	11
LPG-P	TG	29	11
LPG-P	Cer	29	6
LPG-P	CerP	29	14
LPG-P	CerPE	30	19
LPG-P	EPC	30	19
LPG-P	HexCer	51	7
LPG-P	GalCer	51	7
LPG-P	GlcCer	51	7
LPG-P	Hex2Cer	74	7
LPG-P	LacCer	74	7
LPG-P	LIPC	50	16
LPG-P	IPC	50	16
LPG-P	SPB	29	6
LPG-P	SPBP	29	14
LPG-P	LHexCer	51	7
LPG-P	LSM	35	20
LPG-P	MIPC	73	16
LPG-P	M(IP)2C	104	16
LPG-P	SHexCer	57	9
LPG-P	SM	35	20
LPG-P	FA	29	1
LPG-P	FAHFA	29	1
LPG-P	FOH	29	1
LPI	LPI	42	42
LPI	LPI-O	42	42
LPI	LPI-P	42	42
LPI	LPIM1	65	42
LPI	LPIM2	88	42
LPI	LPIM3	111	42
LPI	LPIM4	134	42
LPI	LPIM5	157	42
LPI	LPIM6	180	42
LPI	LPS	52	21
LPI	LPS-O	52	21
LPI	LPS-P	52	21
LPI	LCL	68	21
LPI	MMPE	48	21
LPI	PA	42	19
LPI	PA-O	42	19
LPI	PA-P	42	19
LPI	PAT16	91	31
LPI	PAT18	95	31
LPI	PC	52	21
LPI	PC-O	52	21
LPI	PC-P	52	21
LPI	PE	46	21
LPI	PE-O	46	21
LPI	PE-P	46	21
LPI	PEt	44	21
LPI	PG	50	21
LPI	PG-P	50	21
LPI	PG-O	50	21
LPI	PI	42	42
LPI	PI-P	42	42
LPI	PI-O	42	42
LPI	PIM1	65	42
LPI	PIM2	88	42
LPI	PIM3	111	42
LPI	PIM4	134	42
LPI	PIM5	157	42
LPI	PIM6	180	42
LPI	PIP	50	42
LPI	PIP2	58	42
LPI	PIP3	66	42
LPI	PS	52	21
LPI	PS-P	52	21
LPI	PS-O	52	21
LPI	DG	42	11
LPI	DGDG	73	25
LPI	MG	42	11
LPI	MGDG	50	25
LPI	SQDG	55	26
LPI	TG	42	11
LPI	Cer	42	6
LPI	CerP	42	14
LPI	CerPE	46	16
LPI	EPC	46	16
LPI	HexCer	48	23
LPI	GalCer	48	23
LPI	GlcCer	48	23
LPI	Hex2Cer	71	23
LPI	LacCer	71	23
LPI	LIPC	42	37
LPI	IPC	42	37
LPI	SPB	42	6
LPI	SPBP	42	14
LPI	LHexCer	48	23
LPI	LSM	51	17
LPI	MIPC	65	37
LPI	M(IP)2C	96	37
LPI	SHexCer	53	26
LPI	SM	51	17
LPI	FA	42	1
LPI	FAHFA	42	1
LPI	FOH	42	1
LPI-O	LPI-O	42	42
LPI-O	LPI-P	42	42
LPI-O	LPIM1	65	42
LPI-O	LPIM2	88	42
LPI-O	LPIM3	111	42
LPI-O	LPIM4	134	42
LPI-O	LPIM5	157	42
LPI-O	LPIM6	180	42
LPI-O	LPS	52	21
LPI-O	LPS-O	52	21
LPI-O	LPS-P	52	21
LPI-O	LCL	68	21
LPI-O	MMPE	48	21
LPI-O	PA	42	19
LPI-O	PA-O	42	19
LPI-O	PA-P	42	19
LPI-O	PAT16	91	31
LPI-O	PAT18	95	31
LPI-O	PC	52	21
LPI-O	PC-O	52	21
LPI-O	PC-P	52	21
LPI-O	PE	46	21
LPI-O	PE-O	46	21
LPI-O	PE-P	46	21
LPI-O	PEt	44	21
LPI-O	PG	50	21
LPI-O	PG-P	50	21
LPI-O	PG-O	50	21
LPI-O	PI	42	42
LPI-O	PI-P	42	42
LPI-O	PI-O	42	42
LPI-O	PIM1	65	42
LPI-O	PIM2	88	42
LPI-O	PIM3	111	42
LPI-O	PIM4	134	42
LPI-O	PIM5	157	42
LPI-O	PIM6	180	42
LPI-O	PIP	50	42
LPI-O	PIP2	58	42
LPI-O	PIP3	66	42
LPI-O	PS	52	21
LPI-O	PS-P	52	21
LPI-O	PS-O	52	21
LPI-O	DG	42	11
LPI-O	DGDG	73	25
LPI-O	MG	42	11
LPI-O	MGDG	50	25
LPI-O	SQDG	55	26
LPI-O	TG	42	11
LPI-O	Cer	42	6
LPI-O	CerP	42	14
LPI-O	CerPE	46	16
LPI-O	EPC	46	16
LPI-O	HexCer	48	23
LPI-O	GalCer	48	23
LPI-O	GlcCer	48	23
LPI-O	Hex2Cer	71	23
LPI-O	LacCer	71	23
LPI-O	LIPC	42	37
LPI-O	IPC	42	37
LPI-O	SPB	42	6
LPI-O	SPBP	42	14
LPI-O	LHexCer	48	23
LPI-O	LSM	51	17
LPI-O	MIPC	65	37
LPI-O	M(IP)2C	96	37
LPI-O	SHexCer	53	26
LPI-O	SM	51	17
LPI-O	FA	42	1
LPI-O	FAHFA	42	1
LPI-O	FOH	42	1
LPI-P	LPI-P	42	42
LPI-P	LPIM1	65	42
LPI-P	LPIM2	88	42
LPI-P	LPIM3	111	42
LPI-P	LPIM4	134	42
LPI-P	LPIM5	157	42
LPI-P	LPIM6	180	42
LPI-P	LPS	52	21
LPI-P	LPS-O	52	21
LPI-P	LPS-P	52	21
LPI-P	LCL	68	21
LPI-P	MMPE	48	21
LPI-P	PA	42	19
LPI-P	PA-O	42	19
LPI-P	PA-P	42	19
LPI-P	PAT16	91	31
LPI-P	PAT18	95	31
LPI-P	PC	52	21
LPI-P	PC-O	52	21
LPI-P	PC-P	52	21
LPI-P	PE	46	21
LPI-P	PE-O	46	21
LPI-P	PE-P	46	21
LPI-P	PEt	44	21
LPI-P	PG	50	21
LPI-P	PG-P	50	21
LPI-P	PG-O	50	21
LPI-P	PI	42	42
LPI-P	PI-P	42	42
LPI-P	PI-O	42	42
LPI-P	PIM1	65	42
LPI-P	PIM2	88	42
LPI-P	PIM3	111	42
LPI-P	PIM4	134	42
LPI-P	PIM5	157	42
LPI-P	PIM6	180	42
LPI-P	PIP	50	42
LPI-P	PIP2	58	42
LPI-P	PIP3	66	42
LPI-P	PS	52	21
LPI-P	PS-P	52	21
LPI-P	PS-O	52	21
LPI-P	DG	42	11
LPI-P	DGDG	73	25
LPI-P	MG	42	11
LPI-P	MGDG	50	25
LPI-P	SQDG	55	26
LPI-P	TG	42	11
LPI-P	Cer	42	6
LPI-P	CerP	42	14
LPI-P	CerPE	46	16
LPI-P	EPC	46	16
LPI-P	HexCer	48	23
LPI-P	GalCer	48	23
LPI-P	GlcCer	48	23
LPI-P	Hex2Cer	71	23
LPI-P	LacCer	71	23
LPI-P	LIPC	42	37
LPI-P	IPC	42	37
LPI-P	SPB	42	6
LPI-P	SPBP	42	14
LPI-P	LHexCer	48	23
LPI-P	LSM	51	17
LPI-P	MIPC	65	37
LPI-P	M(IP)2C	96	37
LPI-P	SHexCer	53	26
LPI-P	SM	51	17
LPI-P	FA	42	1
LPI-P	FAHFA	42	1
LPI-P	FOH	42	1
LPIM1	LPIM1	65	65
LPIM1	LPIM2	88	65
LPIM1	LPIM3	111	65
LPIM1	LPIM4	134	65
LPIM1	LPIM5	157	65
LPIM1	LPIM6	180	65
LPIM1	LPS	75	21
LPIM1	LPS-O	75	21
LPIM1	LPS-P	75	21
LPIM1	LCL	91	21
LPIM1	MMPE	71	21
LPIM1	PA	65	19
LPIM1	PA-O	65	19
LPIM1	PA-P	65	19
LPIM1	PAT16	91	54
LPIM1	PAT18	95	54
LPIM1	PC	75	21
LPIM1	PC-O	75	21
LPIM1	PC-P	75	21
LPIM1	PE	69	21
LPIM1	PE-O	69	21
LPIM1	PE-P	69	21
LPIM1	PEt	67	21
LPIM1	PG	73	21
LPIM1	PG-P	73	21
LPIM1	PG-O	73	21
LPIM1	PI	65	42
LPIM1	PI-P	65	42
LPIM1	PI-O	65	42
LPIM1	PIM1	65	65
LPIM1	PIM2	88	65
LPIM1	PIM3	111	65
LPIM1	PIM4	134	65
LPIM1	PIM5	157	65
LPIM1	PIM6	180	65
LPIM1	PIP	73	42
LPIM1	PIP2	81	42
LPIM1	PIP3	89	42
LPIM1	PS	75	21
LPIM1	PS-P	75	21
LPIM1	PS-O	75	21
LPIM1	DG	65	11
LPIM1	DGDG	96	26
LPIM1	MG	65	11
LPIM1	MGDG	73	26
LPIM1	SQDG	78	26
LPIM1	TG	65	11
LPIM1	Cer	65	6
LPIM1	CerP	65	14
LPIM1	CerPE	69	16
LPIM1	EPC	69	16
LPIM1	HexCer	69	26
LPIM1	GalCer	69	26
LPIM1	GlcCer	69	26
LPIM1	Hex2Cer	92	26
LPIM1	LacCer	92	26
LPIM1	LIPC	65	37
LPIM1	IPC	65	37
LPIM1	SPB	65	6
LPIM1	SPBP	65	14
LPIM1	LHexCer	69	26
LPIM1	LSM	74	17
LPIM1	MIPC	65	60
LPIM1	M(IP)2C	96	60
LPIM1	SHexCer	76	26
LPIM1	SM	74	17
LPIM1	FA	65	1
LPIM1	FAHFA	65	1
LPIM1	FOH	65	1
LPIM2	LPIM2	88	88
LPIM2	LPIM3	111	88
LPIM2	LPIM4	134	88
LPIM2	LPIM5	157	88
LPIM2	LPIM6	180	88
LPIM2	LPS	98	21
LPIM2	LPS-O	98	21
LPIM2	LPS-P	98	21
LPIM2	LCL	114	21
LPIM2	MMPE	94	21
LPIM2	PA	88	19
LPIM2	PA-O	88	19
LPIM2	PA-P	88	19
LPIM2	PAT16	114	54
LPIM2	PAT18	118	54
LPIM2	PC	98	21
LPIM2	PC-O	98	21
LPIM2	PC-P	98	21
LPIM2	PE	92	21
LPIM2	PE-O	92	21
LPIM2	PE-P	92	21
LPIM2	PEt	90	21
LPIM2	PG	96	21
LPIM2	PG-P	96	21
LPIM2	PG-O	96	21
LPIM2	PI	88	42
LPIM2	PI-P	88	42
LPIM2	PI-O	88	42
LPIM2	PIM1	88	65
LPIM2	PIM2	88	88
LPIM2	PIM3	111	88
LPIM2	PIM4	134	88
LPIM2	PIM5	157	88
LPIM2	PIM6	180	88
LPIM2	PIP	96	42
LPIM2	PIP2	104	42
LPIM2	PIP3	112	42
LPIM2	PS	98	21
LPIM2	PS-P	98	21
LPIM2	PS-O	98	21
LPIM2	DG	88	11
LPIM2	DGDG	119	26
LPIM2	MG	88	11
LPIM2	MGDG	96	26
LPIM2	SQDG	101	26
LPIM2	TG	88	11
LPIM2	Cer	88	6
LPIM2	CerP	88	14
LPIM2	CerPE	92	16
LPIM2	EPC	92	16
LPIM2	HexCer	92	26
LPIM2	GalCer	92	26
LPIM2	GlcCer	92	26
LPIM2	Hex2Cer	115	26
LPIM2	LacCer	115	26
LPIM2	LIPC	88	37
LPIM2	IPC	88	37
LPIM2	SPB	88	6
LPIM2	SPBP	88	14
LPIM2	LHexCer	92	26
LPIM2	LSM	97	17
LPIM2	MIPC	88	60
LPIM2	M(IP)2C	119	60
LPIM2	SHexCer	99	26
LPIM2	SM	97	17
LPIM2	FA	88	1
LPIM2	FAHFA	88	1
LPIM2	FOH	88	1
LPIM3	LPIM3	111	111
LPIM3	LPIM4	134	111
LPIM3	LPIM5	157	111
LPIM3	LPIM6	180	111
LPIM3	LPS	121	21
LPIM3	LPS-O	121	21
LPIM3	LPS-P	121	21
LPIM3	LCL	137	21
LPIM3	MMPE	117	21
LPIM3	PA	111	19
LPIM3	PA-O	111	19
LPIM3	PA-P	111	19
LPIM3	PAT16	137	54
LPIM3	PAT18	141	54
LPIM3	PC	121	21
LPIM3	PC-O	121	21
LPIM3	PC-P	121	21
LPIM3	PE	115	21
LPIM3	PE-O	115	21
LPIM3	PE-P	115	21
LPIM3	PEt	113	21
LPIM3	PG	119	21
LPIM3	PG-P	119	21
LPIM3	PG-O	119	21
LPIM3	PI	111	42
LPIM3	PI-P	111	42
LPIM3	PI-O	111	42
LPIM3	PIM1	111	65
LPIM3	PIM2	111	88
LPIM3	PIM3	111	111
LPIM3	PIM4	134	111
LPIM3	PIM5	157	111
LPIM3	PIM6	180	111
LPIM3	PIP	119	42
LPIM3	PIP2	127	42
LPIM3	PIP3	135	42
LPIM3	PS	121	21
LPIM3	PS-P	121	21
LPIM3	PS-O	121	21
LPIM3	DG	111	11
LPIM3	DGDG	119	49
LPIM3	MG	111	11
LPIM3	MGDG	117	28
LPIM3	SQDG	123	27
LPIM3	TG	111	11
LPIM3	Cer	111	6
LPIM3	CerP	111	14
LPIM3	CerPE	115	16
LPIM3	EPC	115	16
LPIM3	HexCer	113	28
LPIM3	GalCer	113	28
LPIM3	GlcCer	113	28
LPIM3	Hex2Cer	136	28
LPIM3	LacCer	136	28
LPIM3	LIPC	111	37
LPIM3	IPC	111	37
LPIM3	SPB	111	6
LPIM3	SPBP	111	14
LPIM3	LHexCer	113	28
LPIM3	LSM	120	17
LPIM3	MIPC	111	60
LPIM3	M(IP)2C	141	61
LPIM3	SHexCer	121	28
LPIM3	SM	120	17
LPIM3	FA	111	1
LPIM3	FAHFA	111	1
LPIM3	FOH	111	1
LPIM4	LPIM4	134	134
LPIM4	LPIM5	157	134
LPIM4	LPIM6	180	134
LPIM4	LPS	144	21
LPIM4	LPS-O	144	21
LPIM4	LPS-P	144	21
LPIM4	LCL	160	21
LPIM4	MMPE	140	21
LPIM4	PA	134	19
LPIM4	PA-O	134	19
LPIM4	PA-P	134	19
LPIM4	PAT16	160	54
LPIM4	PAT18	164	54
LPIM4	PC	144	21
LPIM4	PC-O	144	21
LPIM4	PC-P	144	21
LPIM4	PE	138	21
LPIM4	PE-O	138	21
LPIM4	PE-P	138	21
LPIM4	PEt	136	21
LPIM4	PG	142	21
LPIM4	PG-P	142	21
LPIM4	PG-O	142	21
LPIM4	PI	134	42
LPIM4	PI-P	134	42
LPIM4	PI-O	134	42
LPIM4	PIM1	134	65
LPIM4	PIM2	134	88
LPIM4	PIM3	134	111
LPIM4	PIM4	134	134
LPIM4	PIM5	157	134
LPIM4	PIM6	180	134
LPIM4	PIP	142	42
LPIM4	PIP2	150	42
LPIM4	PIP3	158	42
LPIM4	PS	144	21
LPIM4	PS-P	144	21
LPIM4	PS-O	144	21
LPIM4	DG	134	11
LPIM4	DGDG	140	51
LPIM4	MG	134	11
LPIM4	MGDG	140	28
LPIM4	SQDG	145	28
LPIM4	TG	134	11
LPIM4	Cer	134	6
LPIM4	CerP	134	14
LPIM4	CerPE	138	16
LPIM4	EPC	138	16
LPIM4	HexCer	136	28
LPIM4	GalCer	136	28
LPIM4	GlcCer	136	28
LPIM4	Hex2Cer	159	28
LPIM4	LacCer	159	28
LPIM4	LIPC	134	37
LPIM4	IPC	134	37
LPIM4	SPB	134	6
LPIM4	SPBP	134	14
LPIM4	LHexCer	136	28
LPIM4	LSM	143	17
LPIM4	MIPC	134	60
LPIM4	M(IP)2C	164	61
LPIM4	SHexCer	144	28
LPIM4	SM	143	17
LPIM4	FA	134	1
LPIM4	FAHFA	134	1
LPIM4	FOH	134	1
LPIM5	LPIM5	157	157
LPIM5	LPIM6	180	157
LPIM5	LPS	167	21
LPIM5	LPS-O	167	21
LPIM5	LPS-P	167	21
LPIM5	LCL	183	21
LPIM5	MMPE	163	21
LPIM5	PA	157	19
LPIM5	PA-O	157	19
LPIM5	PA-P	157	19
LPIM5	PAT16	183	54
LPIM5	PAT18	187	54
LPIM5	PC	167	21
LPIM5	PC-O	167	21
LPIM5	PC-P	167	21
LPIM5	PE	161	21
LPIM5	PE-O	161	21
LPIM5	PE-P	161	21
LPIM5	PEt	159	21
LPIM5	PG	165	21
LPIM5	PG-P	165	21
LPIM5	PG-O	165	21
LPIM5	PI	157	42
LPIM5	PI-P	157	42
LPIM5	PI-O	157	42
LPIM5	PIM1	157	65
LPIM5	PIM2	157	88
LPIM5	PIM3	157	111
LPIM5	PIM4	157	134
LPIM5	PIM5	157	157
LPIM5	PIM6	180	157
LPIM5	PIP	165	42
LPIM5	PIP2	173	42
LPIM5	PIP3	181	42
LPIM5	PS	167	21
LPIM5	PS-P	167	21
LPIM5	PS-O	167	21
LPIM5	DG	157	11
LPIM5	DGDG	163	51
LPIM5	MG	157	11
LPIM5	MGDG	163	28
LPIM5	SQDG	168	28
LPIM5	TG	157	11
LPIM5	Cer	157	6
LPIM5	CerP	157	14
LPIM5	CerPE	161	16
LPIM5	EPC	161	16
LPIM5	HexCer	159	28
LPIM5	GalCer	159	28
LPIM5	GlcCer	159	28
LPIM5	Hex2Cer	182	28
LPIM5	LacCer	182	28
LPIM5	LIPC	157	37
LPIM5	IPC	157	37
LPIM5	SPB	157	6
LPIM5	SPBP	157	14
LPIM5	LHexCer	159	28
LPIM5	LSM	166	17
LPIM5	MIPC	157	60
LPIM5	M(IP)2C	187	61
LPIM5	SHexCer	167	28
LPIM5	SM	166	17
LPIM5	FA	157	1
LPIM5	FAHFA	157	1
LPIM5	FOH	157	1
LPIM6	LPIM6	180	180
LPIM6	LPS	190	21
LPIM6	LPS-O	190	21
LPIM6	LPS-P	190	21
LPIM6	LCL	206	21
LPIM6	MMPE	186	21
LPIM6	PA	180	19
LPIM6	PA-O	180	19
LPIM6	PA-P	180	19
LPIM6	PAT16	206	54
LPIM6	PAT18	210	54
LPIM6	PC	190	21
LPIM6	PC-O	190	21
LPIM6	PC-P	190	21
LPIM6	PE	184	21
LPIM6	PE-O	184	21
LPIM6	PE-P	184	21
LPIM6	PEt	182	21
LPIM6	PG	188	21
LPIM6	PG-P	188	21
LPIM6	PG-O	188	21
LPIM6	PI	180	42
LPIM6	PI-P	180	42
LPIM6	PI-O	180	42
LPIM6	PIM1	180	65
LPIM6	PIM2	180	88
LPIM6	PIM3	180	111
LPIM6	PIM4	180	134
LPIM6	PIM5	180	157
LPIM6	PIM6	180	180
LPIM6	PIP	188	42
LPIM6	PIP2	196	42
LPIM6	PIP3	204	42
LPIM6	PS	190	21
LPIM6	PS-P	190	21
LPIM6	PS-O	190	21
LPIM6	DG	180	11
LPIM6	DGDG	186	51
LPIM6	MG	180	11
LPIM6	MGDG	186	28
LPIM6	SQDG	191	28
LPIM6	TG	180	11
LPIM6	Cer	180	6
LPIM6	CerP	180	14
LPIM6	CerPE	184	16
LPIM6	EPC	184	16
LPIM6	HexCer	182	28
LPIM6	GalCer	182	28
LPIM6	GlcCer	182	28
LPIM6	Hex2Cer	205	28
LPIM6	LacCer	205	28
LPIM6	LIPC	180	37
LPIM6	IPC	180	37
LPIM6	SPB	180	6
LPIM6	SPBP	180	14
LPIM6	LHexCer	182	28
LPIM6	LSM	189	17
LPIM6	MIPC	180	60
LPIM6	M(IP)2C	210	61
LPIM6	SHexCer	190	28
LPIM6	SM	189	17
LPIM6	FA	180	1
LPIM6	FAHFA	180	1
LPIM6	FOH	180	1
LPS	LPS	31	31
LPS	LPS-O	31	31
LPS	LPS-P	31	31
LPS	LCL	49	28
LPS	MMPE	32	25
LPS	PA	31	19
LPS	PA-O	31	19
LPS	PA-P	31	19
LPS	PAT16	92	19
LPS	PAT18	96	19
LPS	PC	36	25
LPS	PC-O	36	25
LPS	PC-P	36	25
LPS	PE	31	25
LPS	PE-O	31	25
LPS	PE-P	31	25
LPS	PEt	31	23
LPS	PG	31	28
LPS	PG-P	31	28
LPS	PG-O	31	28
LPS	PI	52	21
LPS	PI-P	52	21
LPS	PI-O	52	21
LPS	PIM1	75	21
LPS	PIM2	98	21
LPS	PIM3	121	21
LPS	PIM4	144	21
LPS	PIM5	167	21
LPS	PIM6	190	21
LPS	PIP	60	21
LPS	PIP2	68	21
LPS	PIP3	76	21
LPS	PS	31	31
LPS	PS-P	31	31
LPS	PS-O	31	31
LPS	DG	31	11
LPS	DGDG	75	12
LPS	MG	31	11
LPS	MGDG	52	12
LPS	SQDG	58	12
LPS	TG	31	11
LPS	Cer	31	7
LPS	CerP	31	15
LPS	CerPE	31	20
LPS	EPC	31	20
LPS	HexCer	52	8
LPS	GalCer	52	8
LPS	GlcCer	52	8
LPS	Hex2Cer	75	8
LPS	LacCer	75	8
LPS	LIPC	52	17
LPS	IPC	52	17
LPS	SPB	31	7
LPS	SPBP	31	15
LPS	LHexCer	52	8
LPS	LSM	36	21
LPS	MIPC	75	17
LPS	M(IP)2C	106	17
LPS	SHexCer	59	9
LPS	SM	36	21
LPS	FA	31	1
LPS	FAHFA	31	1
LPS	FOH	31	1
LPS-O	LPS-O	31	31
LPS-O	LPS-P	31	31
LPS-O	LCL	49	28
LPS-O	MMPE	32	25
LPS-O	PA	31	19
LPS-O	PA-O	31	19
LPS-O	PA-P	31	19
LPS-O	PAT16	92	19
LPS-O	PAT18	96	19
LPS-O	PC	36	25
LPS-O	PC-O	36	25
LPS-O	PC-P	36	25
LPS-O	PE	31	25
LPS-O	PE-O	31	25
LPS-O	PE-P	31	25
LPS-O	PEt	31	23
LPS-O	PG	31	28
LPS-O	PG-P	31	28
LPS-O	PG-O	31	28
LPS-O	PI	52	21
LPS-O	PI-P	52	21
LPS-O	PI-O	52	21
LPS-O	PIM1	75	21
LPS-O	PIM2	98	21
LPS-O	PIM3	121	21
LPS-O	PIM4	144	21
LPS-O	PIM5	167	21
LPS-O	PIM6	190	21
LPS-O	PIP	60	21
LPS-O	PIP2	68	21
LPS-O	PIP3	76	21
LPS-O	PS	31	31
LPS-O	PS-P	31	31
LPS-O	PS-O	31	31
LPS-O	DG	31	11
LPS-O	DGDG	75	12
LPS-O	MG	31	11
LPS-O	MGDG	52	12
LPS-O	SQDG	58	12
LPS-O	TG	31	11
LPS-O	Cer	31	7
LPS-O	CerP	31	15
LPS-O	CerPE	31	20
LPS-O	EPC	31	20
LPS-O	HexCer	52	8
LPS-O	GalCer	52	8
LPS-O	GlcCer	52	8
LPS-O	Hex2Cer	75	8
LPS-O	LacCer	75	8
LPS-O	LIPC	52	17
LPS-O	IPC	52	17
LPS-O	SPB	31	7
LPS-O	SPBP	31	15
LPS-O	LHexCer	52	8
LPS-O	LSM	36	21
LPS-O	MIPC	75	17
LPS-O	M(IP)2C	106	17
LPS-O	SHexCer	59	9
LPS-O	SM	36	21
LPS-O	FA	31	1
LPS-O	FAHFA	31	1
LPS-O	FOH	31	1
LPS-P	LPS-P	31	31
LPS-P	LCL	49	28
LPS-P	MMPE	32	25
LPS-P	PA	31	19
LPS-P	PA-O	31	19
LPS-P	PA-P	31	19
LPS-P	PAT16	92	19
LPS-P	PAT18	96	19
LPS-P	PC	36	25
LPS-P	PC-O	36	25
LPS-P	PC-P	36	25
LPS-P	PE	31	25
LPS-P	PE-O	31	25
LPS-P	PE-P	31	25
LPS-P	PEt	31	23
LPS-P	PG	31	28
LPS-P	PG-P	31	28
LPS-P	PG-O	31	28
LPS-P	PI	52	21
LPS-P	PI-P	52	21
LPS-P	PI-O	52	21
LPS-P	PIM1	75	21
LPS-P	PIM2	98	21
LPS-P	PIM3	121	21
LPS-P	PIM4	144	21
LPS-P	PIM5	167	21
LPS-P	PIM6	190	21
LPS-P	PIP	60	21
LPS-P	PIP2	68	21
LPS-P	PIP3	76	21
LPS-P	PS	31	31
LPS-P	PS-P	31	31
LPS-P	PS-O	31	31
LPS-P	DG	31	11
LPS-P	DGDG	75	12
LPS-P	MG	31	11
LPS-P	MGDG	52	12
LPS-P	SQDG	58	12
LPS-P	TG	31	11
LPS-P	Cer	31	7
LPS-P	CerP	31	15
LPS-P	CerPE	31	20
LPS-P	EPC	31	20
LPS-P	HexCer	52	8
LPS-P	GalCer	52	8
LPS-P	GlcCer	52	8
LPS-P	Hex2Cer	75	8
LPS-P	LacCer	75	8
LPS-P	LIPC	52	17
LPS-P	IPC	52	17
LPS-P	SPB	31	7
LPS-P	SPBP	31	15
LPS-P	LHexCer	52	8
LPS-P	LSM	36	21
LPS-P	MIPC	75	17
LPS-P	M(IP)2C	106	17
LPS-P	SHexCer	59	9
LPS-P	SM	36	21
LPS-P	FA	31	1
LPS-P	FAHFA	31	1
LPS-P	FOH	31	1
LCL	LCL	47	47
LCL	MMPE	48	25
LCL	PA	47	19
LCL	PA-O	47	19
LCL	PA-P	47	19
LCL	PAT16	101	26
LCL	PAT18	105	26
LCL	PC	52	25
LCL	PC-O	52	25
LCL	PC-P	52	25
LCL	PE	47	24
LCL	PE-O	47	24
LCL	PE-P	47	24
LCL	PEt	47	23
LCL	PG	47	29
LCL	PG-P	47	29
LCL	PG-O	47	29
LCL	PI	68	21
LCL	PI-P	68	21
LCL	PI-O	68	21
LCL	PIM1	91	21
LCL	PIM2	114	21
LCL	PIM3	137	21
LCL	PIM4	160	21
LCL	PIM5	183	21
LCL	PIM6	206	21
LCL	PIP	76	21
LCL	PIP2	84	21
LCL	PIP3	92	21
LCL	PS	49	28
LCL	PS-P	49	28
LCL	PS-O	49	28
LCL	DG	47	11
LCL	DGDG	91	12
LCL	MG	47	11
LCL	MGDG	68	12
LCL	SQDG	75	11
LCL	TG	47	11
LCL	Cer	47	6
LCL	CerP	47	14
LCL	CerPE	48	19
LCL	EPC	48	19
LCL	HexCer	69	7
LCL	GalCer	69	7
LCL	GlcCer	69	7
LCL	Hex2Cer	92	7
LCL	LacCer	92	7
LCL	LIPC	68	16
LCL	IPC	68	16
LCL	SPB	47	6
LCL	SPBP	47	14
LCL	LHexCer	69	7
LCL	LSM	53	20
LCL	MIPC	91	16
LCL	M(IP)2C	122	16
LCL	SHexCer	75	9
LCL	SM	53	20
LCL	FA	47	1
LCL	FAHFA	47	1
LCL	FOH	47	1
MMPE	MMPE	27	27
MMPE	PA	27	19
MMPE	PA-O	27	19
MMPE	PA-P	27	19
MMPE	PAT16	90	17
MMPE	PAT18	94	17
MMPE	PC	31	27
MMPE	PC-O	31	27
MMPE	PC-P	31	27
MMPE	PE	27	25
MMPE	PE-O	27	25
MMPE	PE-P	27	25
MMPE	PEt	27	23
MMPE	PG	30	25
MMPE	PG-P	30	25
MMPE	PG-O	30	25
MMPE	PI	48	21
MMPE	PI-P	48	21
MMPE	PI-O	48	21
MMPE	PIM1	71	21
MMPE	PIM2	94	21
MMPE	PIM3	117	21
MMPE	PIM4	140	21
MMPE	PIM5	163	21
MMPE	PIM6	186	21
MMPE	PIP	56	21
MMPE	PIP2	64	21
MMPE	PIP3	72	21
MMPE	PS	32	25
MMPE	PS-P	32	25
MMPE	PS-O	32	25
MMPE	DG	27	11
MMPE	DGDG	71	12
MMPE	MG	27	11
MMPE	MGDG	48	12
MMPE	SQDG	55	11
MMPE	TG	27	11
MMPE	Cer	27	7
MMPE	CerP	27	15
MMPE	CerPE	27	20
MMPE	EPC	27	20
MMPE	HexCer	48	8
MMPE	GalCer	48	8
MMPE	GlcCer	48	8
MMPE	Hex2Cer	71	8
MMPE	LacCer	71	8
MMPE	LIPC	48	17
MMPE	IPC	48	17
MMPE	SPB	27	7
MMPE	SPBP	27	15
MMPE	LHexCer	48	8
MMPE	LSM	31	22
MMPE	MIPC	71	17
MMPE	M(IP)2C	102	17
MMPE	SHexCer	55	9
MMPE	SM	31	22
MMPE	FA	27	1
MMPE	FAHFA	27	1
MMPE	FOH	27	1
PA	PA	19	19
PA	PA-O	19	19
PA	PA-P	19	19
PA	PAT16	87	12
PA	PAT18	91	12
PA	PC	31	19
PA	PC-O	31	19
PA	PC-P	31	19
PA	PE	25	19
PA	PE-O	25	19
PA	PE-P	25	19
PA	PEt	23	19
PA	PG	29	19
PA	PG-P	29	19
PA	PG-O	29	19
PA	PI	42	19
PA	PI-P	42	19
PA	PI-O	42	19
PA	PIM1	65	19
PA	PIM2	88	19
PA	PIM3	111	19
PA	PIM4	134	19
PA	PIM5	157	19
PA	PIM6	180	19
PA	PIP	50	19
PA	PIP2	58	19
PA	PIP3	66	19
PA	PS	31	19
PA	PS-P	31	19
PA	PS-O	31	19
PA	DG	19	11
PA	DGDG	63	12
PA	MG	19	11
PA	MGDG	40	12
PA	SQDG	47	11
PA	TG	19	11
PA	Cer	19	6
PA	CerP	19	14
PA	CerPE	25	14
PA	EPC	25	14
PA	HexCer	41	7
PA	GalCer	41	7
PA	GlcCer	41	7
PA	Hex2Cer	64	7
PA	LacCer	64	7
PA	LIPC	42	14
PA	IPC	42	14
PA	SPB	19	6
PA	SPBP	19	14
PA	LHexCer	41	7
PA	LSM	30	15
PA	MIPC	65	14
PA	M(IP)2C	96	14
PA	SHexCer	47	9
PA	SM	30	15
PA	FA	19	1
PA	FAHFA	19	1
PA	FOH	19	1
PA-O	PA-O	19	19
PA-O	PA-P	19	19
PA-O	PAT16	87	12
PA-O	PAT18	91	12
PA-O	PC	31	19
PA-O	PC-O	31	19
PA-O	PC-P	31	19
PA-O	PE	25	19
PA-O	PE-O	25	19
PA-O	PE-P	25	19
PA-O	PEt	23	19
PA-O	PG	29	19
PA-O	PG-P	29	19
PA-O	PG-O	29	19
PA-O	PI	42	19
PA-O	PI-P	42	19
PA-O	PI-O	42	19
PA-O	PIM1	65	19
PA-O	PIM2	88	19
PA-O	PIM3	111	19
PA-O	PIM4	134	19
PA-O	PIM5	157	19
PA-O	PIM6	180	19
PA-O	PIP	50	19
PA-O	PIP2	58	19
PA-O	PIP3	66	19
PA-O	PS	31	19
PA-O	PS-P	31	19
PA-O	PS-O	31	19
PA-O	DG	19	11
PA-O	DGDG	63	12
PA-O	MG	19	11
PA-O	MGDG	40	12
PA-O	SQDG	47	11
PA-O	TG	19	11
PA-O	Cer	19	6
PA-O	CerP	19	14
PA-O	CerPE	25	14
PA-O	EPC	25	14
PA-O	HexCer	41	7
PA-O	GalCer	41	7
PA-O	GlcCer	41	7
PA-O	Hex2Cer	64	7
PA-O	LacCer	64	7
PA-O	LIPC	42	14
PA-O	IPC	42	14
PA-O	SPB	19	6
PA-O	SPBP	19	14
PA-O	LHexCer	41	7
PA-O	LSM	30	15
PA-O	MIPC	65	14
PA-O	M(IP)2C	96	14
PA-O	SHexCer	47	9
PA-O	SM	30	15
PA-O	FA	19	1
PA-O	FAHFA	19	1
PA-O	FOH	19	1
PA-P	PA-P	19	19
PA-P	PAT16	87	12
PA-P	PAT18	91	12
PA-P	PC	31	19
PA-P	PC-O	31	19
PA-P	PC-P	31	19
PA-P	PE	25	19
PA-P	PE-O	25	19
PA-P	PE-P	25	19
PA-P	PEt	23	19
PA-P	PG	29	19
PA-P	PG-P	29	19
PA-P	PG-O	29	19
PA-P	PI	42	19
PA-P	PI-P	42	19
PA-P	PI-O	42	19
PA-P	PIM1	65	19
PA-P	PIM2	88	19
PA-P	PIM3	111	19
PA-P	PIM4	134	19
PA-P	PIM5	157	19
PA-P	PIM6	180	19
PA-P	PIP	50	19
PA-P	PIP2	58	19
PA-P	PIP3	66	19
PA-P	PS	31	19
PA-P	PS-P	31	19
PA-P	PS-O	31	19
PA-P	DG	19	11
PA-P	DGDG	63	12
PA-P	MG	19	11
PA-P	MGDG	40	12
PA-P	SQDG	47	11
PA-P	TG	19	11
PA-P	Cer	19	6
PA-P	CerP	19	14
PA-P	CerPE	25	14
PA-P	EPC	25	14
PA-P	HexCer	41	7
PA-P	GalCer	41	7
PA-P	GlcCer	41	7
PA-P	Hex2Cer	64	7
PA-P	LacCer	64	7
PA-P	LIPC	42	14
PA-P	IPC	42	14
PA-P	SPB	19	6
PA-P	SPBP	19	14
PA-P	LHexCer	41	7
PA-P	LSM	30	15
PA-P	MIPC	65	14
PA-P	M(IP)2C	96	14
PA-P	SHexCer	47	9
PA-P	SM	30	15
PA-P	FA	19	1
PA-P	FAHFA	19	1
PA-P	FOH	19	1
PAT16	PAT16	81	81
PAT16	PAT18	85	81
PAT16	PC	94	17
PAT16	PC-O	94	17
PAT16	PC-P	94	17
PAT16	PE	90	15
PAT16	PE-O	90	15
PAT16	PE-P	90	15
PAT16	PEt	89	14
PAT16	PG	92	17
PAT16	PG-P	92	17
PAT16	PG-O	92	17
PAT16	PI	91	31
PAT16	PI-P	91	31
PAT16	PI-O	91	31
PAT16	PIM1	91	54
PAT16	PIM2	114	54
PAT16	PIM3	137	54
PAT16	PIM4	160	54
PAT16	PIM5	183	54
PAT16	PIM6	206	54
PAT16	PIP	98	32
PAT16	PIP2	106	32
PAT16	PIP3	114	32
PAT16	PS	92	19
PAT16	PS-P	92	19
PAT16	PS-O	92	19
PAT16	DG	83	8
PAT16	DGDG	112	26
PAT16	MG	83	8
PAT16	MGDG	89	26
PAT16	SQDG	95	25
PAT16	TG	83	8
PAT16	Cer	81	6
PAT16	CerP	85	10
PAT16	CerPE	89	12
PAT16	EPC	89	12
PAT16	HexCer	85	26
PAT16	GalCer	85	26
PAT16	GlcCer	85	26
PAT16	Hex2Cer	108	26
PAT16	LacCer	108	26
PAT16	LIPC	89	29
PAT16	IPC	89	29
PAT16	SPB	81	6
PAT16	SPBP	85	10
PAT16	LHexCer	85	26
PAT16	LSM	93	14
PAT16	MIPC	89	52
PAT16	M(IP)2C	120	52
PAT16	SHexCer	93	26
PAT16	SM	93	14
PAT16	FA	81	1
PAT16	FAHFA	81	1
PAT16	FOH	81	1
PAT18	PAT18	85	85
PAT18	PC	98	17
PAT18	PC-O	98	17
PAT18	PC-P	98	17
PAT18	PE	94	15
PAT18	PE-O	94	15
PAT18	PE-P	94	15
PAT18	PEt	93	14
PAT18	PG	96	17
PAT18	PG-P	96	17
PAT18	PG-O	96	17
PAT18	PI	95	31
PAT18	PI-P	95	31
PAT18	PI-O	95	31
PAT18	PIM1	95	54
PAT18	PIM2	118	54
PAT18	PIM3	141	54
PAT18	PIM4	164	54
PAT18	PIM5	187	54
PAT18	PIM6	210	54
PAT18	PIP	102	32
PAT18	PIP2	110	32
PAT18	PIP3	118	32
PAT18	PS	96	19
PAT18	PS-P	96	19
PAT18	PS-O	96	19
PAT18	DG	87	8
PAT18	DGDG	116	26
PAT18	MG	87	8
PAT18	MGDG	93	26
PAT18	SQDG	99	25
PAT18	TG	87	8
PAT18	Cer	85	6
PAT18	CerP	89	10
PAT18	CerPE	93	12
PAT18	EPC	93	12
PAT18	HexCer	89	26
PAT18	GalCer	89	26
PAT18	GlcCer	89	26
PAT18	Hex2Cer	112	26
PAT18	LacCer	112	26
PAT18	LIPC	93	29
PAT18	IPC	93	29
PAT18	SPB	85	6
PAT18	SPBP	89	10
PAT18	LHexCer	89	26
PAT18	LSM	97	14
PAT18	MIPC	93	52
PAT18	M(IP)2C	124	52
PAT18	SHexCer	97	26
PAT18	SM	97	14
PAT18	FA	85	1
PAT18	FAHFA	85	1
PAT18	FOH	85	1
PC	PC	31	31
PC	PC-O	31	31
PC	PC-P	31	31
PC	PE	31	25
PC	PE-O	31	25
PC	PE-P	31	25
PC	PEt	31	23
PC	PG	34	25
PC	PG-P	34	25
PC	PG-O	34	25
PC	PI	52	21
PC	PI-P	52	21
PC	PI-O	52	21
PC	PIM1	75	21
PC	PIM2	98	21
PC	PIM3	121	21
PC	PIM4	144	21
PC	PIM5	167	21
PC	PIM6	190	21
PC	PIP	60	21
PC	PIP2	68	21
PC	PIP3	76	21
PC	PS	36	25
PC	PS-P	36	25
PC	PS-O	36	25
PC	DG	31	11
PC	DGDG	75	12
PC	MG	31	11
PC	MGDG	52	12
PC	SQDG	59	11
PC	TG	31	11
PC	Cer	31	7
PC	CerP	31	15
PC	CerPE	31	20
PC	EPC	31	20
PC	HexCer	52	8
PC	GalCer	52	8
PC	GlcCer	52	8
PC	Hex2Cer	75	8
PC	LacCer	75	8
PC	LIPC	52	17
PC	IPC	52	17
PC	SPB	31	7
PC	SPBP	31	15
PC	LHexCer	52	8
PC	LSM	31	26
PC	MIPC	75	17
PC	M(IP)2C	106	17
PC	SHexCer	59	9
PC	SM	31	26
PC	FA	31	1
PC	FAHFA	31	1
PC	FOH	31	1
PC-O	PC-O	31	31
PC-O	PC-P	31	31
PC-O	PE	31	25
PC-O	PE-O	31	25
PC-O	PE-P	31	25
PC-O	PEt	31	23
PC-O	PG	34	25
PC-O	PG-P	34	25
PC-O	PG-O	34	25
PC-O	PI	52	21
PC-O	PI-P	52	21
PC-O	PI-O	52	21
PC-O	PIM1	75	21
PC-O	PIM2	98	21
PC-O	PIM3	121	21
PC-O	PIM4	144	21
PC-O	PIM5	167	21
PC-O	PIM6	190	21
PC-O	PIP	60	21
PC-O	PIP2	68	21
PC-O	PIP3	76	21
PC-O	PS	36	25
PC-O	PS-P	36	25
PC-O	PS-O	36	25
PC-O	DG	31	11
PC-O	DGDG	75	12
PC-O	MG	31	11
PC-O	MGDG	52	12
PC-O	SQDG	59	11
PC-O	TG	31	11
PC-O	Cer	31	7
PC-O	CerP	31	15
PC-O	CerPE	31	20
PC-O	EPC	31	20
PC-O	HexCer	52	8
PC-O	GalCer	52	8
PC-O	GlcCer	52	8
PC-O	Hex2Cer	75	8
PC-O	LacCer	75	8
PC-O	LIPC	52	17
PC-O	IPC	52	17
PC-O	SPB	31	7
PC-O	SPBP	31	15
PC-O	LHexCer	52	8
PC-O	LSM	31	26
PC-O	MIPC	75	17
PC-O	M(IP)2C	106	17
PC-O	SHexCer	59	9
PC-O	SM	31	26
PC-O	FA	31	1
PC-O	FAHFA	31	1
PC-O	FOH	31	1
PC-P	PC-P	31	31
PC-P	PE	31	25
PC-P	PE-O	31	25
PC-P	PE-P	31	25
PC-P	PEt	31	23
PC-P	PG	34	25
PC-P	PG-P	34	25
PC-P	PG-O	34	25
PC-P	PI	52	21
PC-P	PI-P	52	21
PC-P	PI-O	52	21
PC-P	PIM1	75	21
PC-P	PIM2	98	21
PC-P	PIM3	121	21
PC-P	PIM4	144	21
PC-P	PIM5	167	21
PC-P	PIM6	190	21
PC-P	PIP	60	21
PC-P	PIP2	68	21
PC-P	PIP3	76	21
PC-P	PS	36	25
PC-P	PS-P	36	25
PC-P	PS-O	36	25
PC-P	DG	31	11
PC-P	DGDG	75	12
PC-P	MG	31	11
PC-P	MGDG	52	12
PC-P	SQDG	59	11
PC-P	TG	31	11
PC-P	Cer	31	7
PC-P	CerP	31	15
PC-P	CerPE	31	20
PC-P	EPC	31	20
PC-P	HexCer	52	8
PC-P	GalCer	52	8
PC-P	GlcCer	52	8
PC-P	Hex2Cer	75	8
PC-P	LacCer	75	8
PC-P	LIPC	52	17
PC-P	IPC	52	17
PC-P	SPB	31	7
PC-P	SPBP	31	15
PC-P	LHexCer	52	8
PC-P	LSM	31	26
PC-P	MIPC	75	17
PC-P	M(IP)2C	106	17
PC-P	SHexCer	59	9
PC-P	SM	31	26
PC-P	FA	31	1
PC-P	FAHFA	31	1
PC-P	FOH	31	1
PE	PE	25	25
PE	PE-O	25	25
PE	PE-P	25	25
PE	PEt	25	23
PE	PG	29	24
PE	PG-P	29	24
PE	PG-O	29	24
PE	PI	46	21
PE	PI-P	46	21
PE	PI-O	46	21
PE	PIM1	69	21
PE	PIM2	92	21
PE	PIM3	115	21
PE	PIM4	138	21
PE	PIM5	161	21
PE	PIM6	184	21
PE	PIP	54	21
PE	PIP2	62	21
PE	PIP3	70	21
PE	PS	31	25
PE	PS-P	31	25
PE	PS-O	31	25
PE	DG	25	11
PE	DGDG	69	12
PE	MG	25	11
PE	MGDG	46	12
PE	SQDG	53	11
PE	TG	25	11
PE	Cer	25	7
PE	CerP	25	15
PE	CerPE	25	20
PE	EPC	25	20
PE	HexCer	46	8
PE	GalCer	46	8
PE	GlcCer	46	8
PE	Hex2Cer	69	8
PE	LacCer	69	8
PE	LIPC	46	17
PE	IPC	46	17
PE	SPB	25	7
PE	SPBP	25	15
PE	LHexCer	46	8
PE	LSM	30	21
PE	MIPC	69	17
PE	M(IP)2C	100	17
PE	SHexCer	53	9
PE	SM	30	21
PE	FA	25	1
PE	FAHFA	25	1
PE	FOH	25	1
PE-O	PE-O	25	25
PE-O	PE-P	25	25
PE-O	PEt	25	23
PE-O	PG	29	24
PE-O	PG-P	29	24
PE-O	PG-O	29	24
PE-O	PI	46	21
PE-O	PI-P	46	21
PE-O	PI-O	46	21
PE-O	PIM1	69	21
PE-O	PIM2	92	21
PE-O	PIM3	115	21
PE-O	PIM4	138	21
PE-O	PIM5	161	21
PE-O	PIM6	184	21
PE-O	PIP	54	21
PE-O	PIP2	62	21
PE-O	PIP3	70	21
PE-O	PS	31	25
PE-O	PS-P	31	25
PE-O	PS-O	31	25
PE-O	DG	25	11
PE-O	DGDG	69	12
PE-O	MG	25	11
PE-O	MGDG	46	12
PE-O	SQDG	53	11
PE-O	TG	25	11
PE-O	Cer	25	7
PE-O	CerP	25	15
PE-O	CerPE	25	20
PE-O	EPC	25	20
PE-O	HexCer	46	8
PE-O	GalCer	46	8
PE-O	GlcCer	46	8
PE-O	Hex2Cer	69	8
PE-O	LacCer	69	8
PE-O	LIPC	46	17
PE-O	IPC	46	17
PE-O	SPB	25	7
PE-O	SPBP	25	15
PE-O	LHexCer	46	8
PE-O	LSM	30	21
PE-O	MIPC	69	17
PE-O	M(IP)2C	100	17
PE-O	SHexCer	53	9
PE-O	SM	30	21
PE-O	FA	25	1
PE-O	FAHFA	25	1
PE-O	FOH	25	1
PE-P	PE-P	25	25
PE-P	PEt	25	23
PE-P	PG	29	24
PE-P	PG-P	29	24
PE-P	PG-O	29	24
PE-P	PI	46	21
PE-P	PI-P	46	21
PE-P	PI-O	46	21
PE-P	PIM1	69	21
PE-P	PIM2	92	21
PE-P	PIM3	115	21
PE-P	PIM4	138	21
PE-P	PIM5	161	21
PE-P	PIM6	184	21
PE-P	PIP	54	21
PE-P	PIP2	62	21
PE-P	PIP3	70	21
PE-P	PS	31	25
PE-P	PS-P	31	25
PE-P	PS-O	31	25
PE-P	DG	25	11
PE-P	DGDG	69	12
PE-P	MG	25	11
PE-P	MGDG	46	12
PE-P	SQDG	53	11
PE-P	TG	25	11
PE-P	Cer	25	7
PE-P	CerP	25	15
PE-P	CerPE	25	20
PE-P	EPC	25	20
PE-P	HexCer	46	8
PE-P	GalCer	46	8
PE-P	GlcCer	46	8
PE-P	Hex2Cer	69	8
PE-P	LacCer	69	8
PE-P	LIPC	46	17
PE-P	IPC	46	17
PE-P	SPB	25	7
PE-P	SPBP	25	15
PE-P	LHexCer	46	8
PE-P	LSM	30	21
PE-P	MIPC	69	17
PE-P	M(IP)2C	100	17
PE-P	SHexCer	53	9
PE-P	SM	30	21
PE-P	FA	25	1
PE-P	FAHFA	25	1
PE-P	FOH	25	1
PEt	PEt	23	23
PEt	PG	29	23
PEt	PG-P	29	23
PEt	PG-O	29	23
PEt	PI	44	21
PEt	PI-P	44	21
PEt	PI-O	44	21
PEt	PIM1	67	21
PEt	PIM2	90	21
PEt	PIM3	113	21
PEt	PIM4	136	21
PEt	PIM5	159	21
PEt	PIM6	182	21
PEt	PIP	52	21
PEt	PIP2	60	21
PEt	PIP3	68	21
PEt	PS	31	23
PEt	PS-P	31	23
PEt	PS-O	31	23
PEt	DG	23	11
PEt	DGDG	67	12
PEt	MG	23	11
PEt	MGDG	44	12
PEt	SQDG	51	11
PEt	TG	23	11
PEt	Cer	23	6
PEt	CerP	23	14
PEt	CerPE	25	18
PEt	EPC	25	18
PEt	HexCer	45	7
PEt	GalCer	45	7
PEt	GlcCer	45	7
PEt	Hex2Cer	68	7
PEt	LacCer	68	7
PEt	LIPC	44	16
PEt	IPC	44	16
PEt	SPB	23	6
PEt	SPBP	23	14
PEt	LHexCer	45	7
PEt	LSM	30	19
PEt	MIPC	67	16
PEt	M(IP)2C	98	16
PEt	SHexCer	51	9
PEt	SM	30	19
PEt	FA	23	1
PEt	FAHFA	23	1
PEt	FOH	23	1
PG	PG	29	29
PG	PG-P	29	29
PG	PG-O	29	29
PG	PI	50	21
PG	PI-P	50	21
PG	PI-O	50	21
PG	PIM1	73	21
PG	PIM2	96	21
PG	PIM3	119	21
PG	PIM4	142	21
PG	PIM5	165	21
PG	PIM6	188	21
PG	PIP	58	21
PG	PIP2	66	21
PG	PIP3	74	21
PG	PS	31	28
PG	PS-P	31	28
PG	PS-O	31	28
PG	DG	29	11
PG	DGDG	73	12
PG	MG	29	11
PG	MGDG	50	12
PG	SQDG	57	11
PG	TG	29	11
PG	Cer	29	6
PG	CerP	29	14
PG	CerPE	30	19
PG	EPC	30	19
PG	HexCer	51	7
PG	GalCer	51	7
PG	GlcCer	51	7
PG	Hex2Cer	74	7
PG	LacCer	74	7
PG	LIPC	50	16
PG	IPC	50	16
PG	SPB	29	6
PG	SPBP	29	14
PG	LHexCer	51	7
PG	LSM	35	20
PG	MIPC	73	16
PG	M(IP)2C	104	16
PG	SHexCer	57	9
PG	SM	35	20
PG	FA	29	1
PG	FAHFA	29	1
PG	FOH	29	1
PG-P	PG-P	29	29
PG-P	PG-O	29	29
PG-P	PI	50	21
PG-P	PI-P	50	21
PG-P	PI-O	50	21
PG-P	PIM1	73	21
PG-P	PIM2	96	21
PG-P	PIM3	119	21
PG-P	PIM4	142	21
PG-P	PIM5	165	21
PG-P	PIM6	188	21
PG-P	PIP	58	21
PG-P	PIP2	66	21
PG-P	PIP3	74	21
PG-P	PS	31	28
PG-P	PS-P	31	28
PG-P	PS-O	31	28
PG-P	DG	29	11
PG-P	DGDG	73	12
PG-P	MG	29	11
PG-P	MGDG	50	12
PG-P	SQDG	57	11
PG-P	TG	29	11
PG-P	Cer	29	6
PG-P	CerP	29	14
PG-P	CerPE	30	19
PG-P	EPC	30	19
PG-P	HexCer	51	7
PG-P	GalCer	51	7
PG-P	GlcCer	51	7
PG-P	Hex2Cer	74	7
PG-P	LacCer	74	7
PG-P	LIPC	50	16
PG-P	IPC	50	16
PG-P	SPB	29	6
PG-P	SPBP	29	14
PG-P	LHexCer	51	7
PG-P	LSM	35	20
PG-P	MIPC	73	16
PG-P	M(IP)2C	104	16
PG-P	SHexCer	57	9
PG-P	SM	35	20
PG-P	FA	29	1
PG-P	FAHFA	29	1
PG-P	FOH	29	1
PG-O	PG-O	29	29
PG-O	PI	50	21
PG-O	PI-P	50	21
PG-O	PI-O	50	21
PG-O	PIM1	73	21
PG-O	PIM2	96	21
PG-O	PIM3	119	21
PG-O	PIM4	142	21
PG-O	PIM5	165	21
PG-O	PIM6	188	21
PG-O	PIP	58	21
PG-O	PIP2	66	21
PG-O	PIP3	74	21
PG-O	PS	31	28
PG-O	PS-P	31	28
PG-O	PS-O	31	28
PG-O	DG	29	11
PG-O	DGDG	73	12
PG-O	MG	29	11
PG-O	MGDG	50	12
PG-O	SQDG	57	11
PG-O	TG	29	11
PG-O	Cer	29	6
PG-O	CerP	29	14
PG-O	CerPE	30	19
PG-O	EPC	30	19
PG-O	HexCer	51	7
PG-O	GalCer	51	7
PG-O	GlcCer	51	7
PG-O	Hex2Cer	74	7
PG-O	LacCer	74	7
PG-O	LIPC	50	16
PG-O	IPC	50	16
PG-O	SPB	29	6
PG-O	SPBP	29	14
PG-O	LHexCer	51	7
PG-O	LSM	35	20
PG-O	MIPC	73	16
PG-O	M(IP)2C	104	16
PG-O	SHexCer	57	9
PG-O	SM	35	20
PG-O	FA	29	1
PG-O	FAHFA	29	1
PG-O	FOH	29	1
PI	PI	42	42
PI	PI-P	42	42
PI	PI-O	42	42
PI	PIM1	65	42
PI	PIM2	88	42
PI	PIM3	111	42
PI	PIM4	134	42
PI	PIM5	157	42
PI	PIM6	180	42
PI	PIP	50	42
PI	PIP2	58	42
PI	PIP3	66	42
PI	PS	52	21
PI	PS-P	52	21
PI	PS-O	52	21
PI	DG	42	11
PI	DGDG	73	25
PI	MG	42	11
PI	MGDG	50	25
PI	SQDG	55	26
PI	TG	42	11
PI	Cer	42	6
PI	CerP	42	14
PI	CerPE	46	16
PI	EPC	46	16
PI	HexCer	48	23
PI	GalCer	48	23
PI	GlcCer	48	23
PI	Hex2Cer	71	23
PI	LacCer	71	23
PI	LIPC	42	37
PI	IPC	42	37
PI	SPB	42	6
PI	SPBP	42	14
PI	LHexCer	48	23
PI	LSM	51	17
PI	MIPC	65	37
PI	M(IP)2C	96	37
PI	SHexCer	53	26
PI	SM	51	17
PI	FA	42	1
PI	FAHFA	42	1
PI	FOH	42	1
PI-P	PI-P	42	42
PI-P	PI-O	42	42
PI-P	PIM1	65	42
PI-P	PIM2	88	42
PI-P	PIM3	111	42
PI-P	PIM4	134	42
PI-P	PIM5	157	42
PI-P	PIM6	180	42
PI-P	PIP	50	42
PI-P	PIP2	58	42
PI-P	PIP3	66	42
PI-P	PS	52	21
PI-P	PS-P	52	21
PI-P	PS-O	52	21
PI-P	DG	42	11
PI-P	DGDG	73	25
PI-P	MG	42	11
PI-P	MGDG	50	25
PI-P	SQDG	55	26
PI-P	TG	42	11
PI-P	Cer	42	6
PI-P	CerP	42	14
PI-P	CerPE	46	16
PI-P	EPC	46	16
PI-P	HexCer	48	23
PI-P	GalCer	48	23
PI-P	GlcCer	48	23
PI-P	Hex2Cer	71	23
PI-P	LacCer	71	23
PI-P	LIPC	42	37
PI-P	IPC	42	37
PI-P	SPB	42	6
PI-P	SPBP	42	14
PI-P	LHexCer	48	23
PI-P	LSM	51	17
PI-P	MIPC	65	37
PI-P	M(IP)2C	96	37
PI-P	SHexCer	53	26
PI-P	SM	51	17
PI-P	FA	42	1
PI-P	FAHFA	42	1
PI-P	FOH	42	1
PI-O	PI-O	42	42
PI-O	PIM1	65	42
PI-O	PIM2	88	42
PI-O	PIM3	111	42
PI-O	PIM4	134	42
PI-O	PIM5	157	42
PI-O	PIM6	180	42
PI-O	PIP	50	42
PI-O	PIP2	58	42
PI-O	PIP3	66	42
PI-O	PS	52	21
PI-O	PS-P	52	21
PI-O	PS-O	52	21
PI-O	DG	42	11
PI-O	DGDG	73	25
PI-O	MG	42	11
PI-O	MGDG	50	25
PI-O	SQDG	55	26
PI-O	TG	42	11
PI-O	Cer	42	6
PI-O	CerP	42	14
PI-O	CerPE	46	16
PI-O	EPC	46	16
PI-O	HexCer	48	23
PI-O	GalCer	48	23
PI-O	GlcCer	48	23
PI-O	Hex2Cer	71	23
PI-O	LacCer	71	23
PI-O	LIPC	42	37
PI-O	IPC	42	37
PI-O	SPB	42	6
PI-O	SPBP	42	14
PI-O	LHexCer	48	23
PI-O	LSM	51	17
PI-O	MIPC	65	37
PI-O	M(IP)2C	96	37
PI-O	SHexCer	53	26
PI-O	SM	51	17
PI-O	FA	42	1
PI-O	FAHFA	42	1
PI-O	FOH	42	1
PIM1	PIM1	65	65
PIM1	PIM2	88	65
PIM1	PIM3	111	65
PIM1	PIM4	134	65
PIM1	PIM5	157	65
PIM1	PIM6	180	65
PIM1	PIP	73	42
PIM1	PIP2	81	42
PIM1	PIP3	89	42
PIM1	PS	75	21
PIM1	PS-P	75	21
PIM1	PS-O	75	21
PIM1	DG	65	11
PIM1	DGDG	96	26
PIM1	MG	65	11
PIM1	MGDG	73	26
PIM1	SQDG	78	26
PIM1	TG	65	11
PIM1	Cer	65	6
PIM1	CerP	65	14
PIM1	CerPE	69	16
PIM1	EPC	69	16
PIM1	HexCer	69	26
PIM1	GalCer	69	26
PIM1	GlcCer	69	26
PIM1	Hex2Cer	92	26
PIM1	LacCer	92	26
PIM1	LIPC	65	37
PIM1	IPC	65	37
PIM1	SPB	65	6
PIM1	SPBP	65	14
PIM1	LHexCer	69	26
PIM1	LSM	74	17
PIM1	MIPC	65	60
PIM1	M(IP)2C	96	60
PIM1	SHexCer	76	26
PIM1	SM	74	17
PIM1	FA	65	1
PIM1	FAHFA	65	1
PIM1	FOH	65	1
PIM2	PIM2	88	88
PIM2	PIM3	111	88
PIM2	PIM4	134	88
PIM2	PIM5	157	88
PIM2	PIM6	180	88
PIM2	PIP	96	42
PIM2	PIP2	104	42
PIM2	PIP3	112	42
PIM2	PS	98	21
PIM2	PS-P	98	21
PIM2	PS-O	98	21
PIM2	DG	88	11
PIM2	DGDG	119	26
PIM2	MG	88	11
PIM2	MGDG	96	26
PIM2	SQDG	101	26
PIM2	TG	88	11
PIM2	Cer	88	6
PIM2	CerP	88	14
PIM2	CerPE	92	16
PIM2	EPC	92	16
PIM2	HexCer	92	26
PIM2	GalCer	92	26
PIM2	GlcCer	92	26
PIM2	Hex2Cer	115	26
PIM2	LacCer	115	26
PIM2	LIPC	88	37
PIM2	IPC	88	37
PIM2	SPB	88	6
PIM2	SPBP	88	14
PIM2	LHexCer	92	26
PIM2	LSM	97	17
PIM2	MIPC	88	60
PIM2	M(IP)2C	119	60
PIM2	SHexCer	99	26
PIM2	SM	97	17
PIM2	FA	88	1
PIM2	FAHFA	88	1
PIM2	FOH	88	1
PIM3	PIM3	111	111
PIM3	PIM4	134	111
PIM3	PIM5	157	111
PIM3	PIM6	180	111
PIM3	PIP	119	42
PIM3	PIP2	127	42
PIM3	PIP3	135	42
PIM3	PS	121	21
PIM3	PS-P	121	21
PIM3	PS-O	121	21
PIM3	DG	111	11
PIM3	DGDG	119	49
PIM3	MG	111	11
PIM3	MGDG	117	28
PIM3	SQDG	123	27
PIM3	TG	111	11
PIM3	Cer	111	6
PIM3	CerP	111	14
PIM3	CerPE	115	16
PIM3	EPC	115	16
PIM3	HexCer	113	28
PIM3	GalCer	113	28
PIM3	GlcCer	113	28
PIM3	Hex2Cer	136	28
PIM3	LacCer	136	28
PIM3	LIPC	111	37
PIM3	IPC	111	37
PIM3	SPB	111	6
PIM3	SPBP	111	14
PIM3	LHexCer	113	28
PIM3	LSM	120	17
PIM3	MIPC	111	60
PIM3	M(IP)2C	141	61
PIM3	SHexCer	121	28
PIM3	SM	120	17
PIM3	FA	111	1
PIM3	FAHFA	111	1
PIM3	FOH	111	1
PIM4	PIM4	134	134
PIM4	PIM5	157	134
PIM4	PIM6	180	134
PIM4	PIP	142	42
PIM4	PIP2	150	42
PIM4	PIP3	158	42
PIM4	PS	144	21
PIM4	PS-P	144	21
PIM4	PS-O	144	21
PIM4	DG	134	11
PIM4	DGDG	140	51
PIM4	MG	134	11
PIM4	MGDG	140	28
PIM4	SQDG	145	28
PIM4	TG	134	11
PIM4	Cer	134	6
PIM4	CerP	134	14
PIM4	CerPE	138	16
PIM4	EPC	138	16
PIM4	HexCer	136	28
PIM4	GalCer	136	28
PIM4	GlcCer	136	28
PIM4	Hex2Cer	159	28
PIM4	LacCer	159	28
PIM4	LIPC	134	37
PIM4	IPC	134	37
PIM4	SPB	134	6
PIM4	SPBP	134	14
PIM4	LHexCer	136	28
PIM4	LSM	143	17
PIM4	MIPC	134	60
PIM4	M(IP)2C	164	61
PIM4	SHexCer	144	28
PIM4	SM	143	17
PIM4	FA	134	1
PIM4	FAHFA	134	1
PIM4	FOH	134	1
PIM5	PIM5	157	157
PIM5	PIM6	180	157
PIM5	PIP	165	42
PIM5	PIP2	173	42
PIM5	PIP3	181	42
PIM5	PS	167	21
PIM5	PS-P	167	21
PIM5	PS-O	167	21
PIM5	DG	157	11
PIM5	DGDG	163	51
PIM5	MG	157	11
PIM5	MGDG	163	28
PIM5	SQDG	168	28
PIM5	TG	157	11
PIM5	Cer	157	6
PIM5	CerP	157	14
PIM5	CerPE	161	16
PIM5	EPC	161	16
PIM5	HexCer	159	28
PIM5	GalCer	159	28
PIM5	GlcCer	159	28
PIM5	Hex2Cer	182	28
PIM5	LacCer	182	28
PIM5	LIPC	157	37
PIM5	IPC	157	37
PIM5	SPB	157	6
PIM5	SPBP	157	14
PIM5	LHexCer	159	28
PIM5	LSM	166	17
PIM5	MIPC	157	60
PIM5	M(IP)2C	187	61
PIM5	SHexCer	167	28
PIM5	SM	166	17
PIM5	FA	157	1
PIM5	FAHFA	157	1
PIM5	FOH	157	1
PIM6	PIM6	180	180
PIM6	PIP	188	42
PIM6	PIP2	196	42
PIM6	PIP3	204	42
PIM6	PS	190	21
PIM6	PS-P	190	21
PIM6	PS-O	190	21
PIM6	DG	180	11
PIM6	DGDG	186	51
PIM6	MG	180	11
PIM6	MGDG	186	28
PIM6	SQDG	191	28
PIM6	TG	180	11
PIM6	Cer	180	6
PIM6	CerP	180	14
PIM6	CerPE	184	16
PIM6	EPC	184	16
PIM6	HexCer	182	28
PIM6	GalCer	182	28
PIM6	GlcCer	182	28
PIM6	Hex2Cer	205	28
PIM6	LacCer	205	28
PIM6	LIPC	180	37
PIM6	IPC	180	37
PIM6	SPB	180	6
PIM6	SPBP	180	14
PIM6	LHexCer	182	28
PIM6	LSM	189	17
PIM6	MIPC	180	60
PIM6	M(IP)2C	210	61
PIM6	SHexCer	190	28
PIM6	SM	189	17
PIM6	FA	180	1
PIM6	FAHFA	180	1
PIM6	FOH	180	1
PIP	PIP	50	50
PIP	PIP2	58	50
PIP	PIP3	66	50
PIP	PS	60	21
PIP	PS-P	60	21
PIP	PS-O	60	21
PIP	DG	50	11
PIP	DGDG	81	25
PIP	MG	50	11
PIP	MGDG	58	25
PIP	SQDG	63	26
PIP	TG	50	11
PIP	Cer	50	6
PIP	CerP	50	14
PIP	CerPE	54	16
PIP	EPC	54	16
PIP	HexCer	56	23
PIP	GalCer	56	23
PIP	GlcCer	56	23
PIP	Hex2Cer	79	23
PIP	LacCer	79	23
PIP	LIPC	50	37
PIP	IPC	50	37
PIP	SPB	50	6
PIP	SPBP	50	14
PIP	LHexCer	56	23
PIP	LSM	59	17
PIP	MIPC	73	37
PIP	M(IP)2C	104	37
PIP	SHexCer	61	26
PIP	SM	59	17
PIP	FA	50	1
PIP	FAHFA	50	1
PIP	FOH	50	1
PIP2	PIP2	58	58
PIP2	PIP3	66	58
PIP2	PS	68	21
PIP2	PS-P	68	21
PIP2	PS-O	68	21
PIP2	DG	58	11
PIP2	DGDG	87	27
PIP2	MG	58	11
PIP2	MGDG	65	26
PIP2	SQDG	66	31
PIP2	TG	58	11
PIP2	Cer	58	6
PIP2	CerP	58	14
PIP2	CerPE	62	16
PIP2	EPC	62	16
PIP2	HexCer	63	24
PIP2	GalCer	63	24
PIP2	GlcCer	63	24
PIP2	Hex2Cer	86	24
PIP2	LacCer	86	24
PIP2	LIPC	58	37
PIP2	IPC	58	37
PIP2	SPB	58	6
PIP2	SPBP	58	14
PIP2	LHexCer	63	24
PIP2	LSM	67	17
PIP2	MIPC	81	37
PIP2	M(IP)2C	112	37
PIP2	SHexCer	66	29
PIP2	SM	67	17
PIP2	FA	58	1
PIP2	FAHFA	58	1
PIP2	FOH	58	1
PIP3	PIP3	66	66
PIP3	PS	76	21
PIP3	PS-P	76	21
PIP3	PS-O	76	21
PIP3	DG	66	11
PIP3	DGDG	95	27
PIP3	MG	66	11
PIP3	MGDG	73	26
PIP3	SQDG	74	31
PIP3	TG	66	11
PIP3	Cer	66	6
PIP3	CerP	66	14
PIP3	CerPE	70	16
PIP3	EPC	70	16
PIP3	HexCer	71	24
PIP3	GalCer	71	24
PIP3	GlcCer	71	24
PIP3	Hex2Cer	94	24
PIP3	LacCer	94	24
PIP3	LIPC	66	37
PIP3	IPC	66	37
PIP3	SPB	66	6
PIP3	SPBP	66	14
PIP3	LHexCer	71	24
PIP3	LSM	75	17
PIP3	MIPC	89	37
PIP3	M(IP)2C	120	37
PIP3	SHexCer	73	30
PIP3	SM	75	17
PIP3	FA	66	1
PIP3	FAHFA	66	1
PIP3	FOH	66	1
PS	PS	31	31
PS	PS-P	31	31
PS	PS-O	31	31
PS	DG	31	11
PS	DGDG	75	12
PS	MG	31	11
PS	MGDG	52	12
PS	SQDG	58	12
PS	TG	31	11
PS	Cer	31	7
PS	CerP	31	15
PS	CerPE	31	20
PS	EPC	31	20
PS	HexCer	52	8
PS	GalCer	52	8
PS	GlcCer	52	8
PS	Hex2Cer	75	8
PS	LacCer	75	8
PS	LIPC	52	17
PS	IPC	52	17
PS	SPB	31	7
PS	SPBP	31	15
PS	LHexCer	52	8
PS	LSM	36	21
PS	MIPC	75	17
PS	M(IP)2C	106	17
PS	SHexCer	59	9
PS	SM	36	21
PS	FA	31	1
PS	FAHFA	31	1
PS	FOH	31	1
PS-P	PS-P	31	31
PS-P	PS-O	31	31
PS-P	DG	31	11
PS-P	DGDG	75	12
PS-P	MG	31	11
PS-P	MGDG	52	12
PS-P	SQDG	58	12
PS-P	TG	31	11
PS-P	Cer	31	7
PS-P	CerP	31	15
PS-P	CerPE	31	20
PS-P	EPC	31	20
PS-P	HexCer	52	8
PS-P	GalCer	52	8
PS-P	GlcCer	52	8
PS-P	Hex2Cer	75	8
PS-P	LacCer	75	8
PS-P	LIPC	52	17
PS-P	IPC	52	17
PS-P	SPB	31	7
PS-P	SPBP	31	15
PS-P	LHexCer	52	8
PS-P	LSM	36	21
PS-P	MIPC	75	17
PS-P	M(IP)2C	106	17
PS-P	SHexCer	59	9
PS-P	SM	36	21
PS-P	FA	31	1
PS-P	FAHFA	31	1
PS-P	FOH	31	1
PS-O	PS-O	31	31
PS-O	DG	31	11
PS-O	DGDG	75	12
PS-O	MG	31	11
PS-O	MGDG	52	12
PS-O	SQDG	58	12
PS-O	TG	31	11
PS-O	Cer	31	7
PS-O	CerP	31	15
PS-O	CerPE	31	20
PS-O	EPC	31	20
PS-O	HexCer	52	8
PS-O	GalCer	52	8
PS-O	GlcCer	52	8
PS-O	Hex2Cer	75	8
PS-O	LacCer	75	8
PS-O	LIPC	52	17
PS-O	IPC	52	17
PS-O	SPB	31	7
PS-O	SPBP	31	15
PS-O	LHexCer	52	8
PS-O	LSM	36	21
PS-O	MIPC	75	17
PS-O	M(IP)2C	106	17
PS-O	SHexCer	59	9
PS-O	SM	36	21
PS-O	FA	31	1
PS-O	FAHFA	31	1
PS-O	FOH	31	1
DG	DG	11	11
DG	DGDG	57	11
DG	MG	11	11
DG	MGDG	34	11
DG	SQDG	40	10
DG	TG	11	11
DG	Cer	11	6
DG	CerP	19	6
DG	CerPE	25	6
DG	EPC	25	6
DG	HexCer	34	6
DG	GalCer	34	6
DG	GlcCer	34	6
DG	Hex2Cer	57	6
DG	LacCer	57	6
DG	LIPC	42	6
DG	IPC	42	6
DG	SPB	11	6
DG	SPBP	19	6
DG	LHexCer	34	6
DG	LSM	30	7
DG	MIPC	65	6
DG	M(IP)2C	96	6
DG	SHexCer	42	6
DG	SM	30	7
DG	FA	11	1
DG	FAHFA	11	1
DG	FOH	11	1
DGDG	DGDG	57	57
DGDG	MG	57	11
DGDG	MGDG	57	34
DGDG	SQDG	63	33
DGDG	TG	57	11
DGDG	Cer	57	6
DGDG	CerP	64	7
DGDG	CerPE	69	8
DGDG	EPC	69	8
DGDG	HexCer	57	29
DGDG	GalCer	57	29
DGDG	GlcCer	57	29
DGDG	Hex2Cer	80	29
DGDG	LacCer	80	29
DGDG	LIPC	69	25
DGDG	IPC	69	25
DGDG	SPB	57	6
DGDG	SPBP	64	7
DGDG	LHexCer	57	29
DGDG	LSM	75	8
DGDG	MIPC	92	26
DGDG	M(IP)2C	121	27
DGDG	SHexCer	65	29
DGDG	SM	75	8
DGDG	FA	57	1
DGDG	FAHFA	57	1
DGDG	FOH	57	1
MG	MG	11	11
MG	MGDG	34	11
MG	SQDG	40	10
MG	TG	11	11
MG	Cer	11	6
MG	CerP	19	6
MG	CerPE	25	6
MG	EPC	25	6
MG	HexCer	34	6
MG	GalCer	34	6
MG	GlcCer	34	6
MG	Hex2Cer	57	6
MG	LacCer	57	6
MG	LIPC	42	6
MG	IPC	42	6
MG	SPB	11	6
MG	SPBP	19	6
MG	LHexCer	34	6
MG	LSM	30	7
MG	MIPC	65	6
MG	M(IP)2C	96	6
MG	SHexCer	42	6
MG	SM	30	7
MG	FA	11	1
MG	FAHFA	11	1
MG	FOH	11	1
MGDG	MGDG	34	34
MGDG	SQDG	41	32
MGDG	TG	34	11
MGDG	Cer	34	6
MGDG	CerP	41	7
MGDG	CerPE	46	8
MGDG	EPC	46	8
MGDG	HexCer	34	29
MGDG	GalCer	34	29
MGDG	GlcCer	34	29
MGDG	Hex2Cer	57	29
MGDG	LacCer	57	29
MGDG	LIPC	46	25
MGDG	IPC	46	25
MGDG	SPB	34	6
MGDG	SPBP	41	7
MGDG	LHexCer	34	29
MGDG	LSM	52	8
MGDG	MIPC	69	26
MGDG	M(IP)2C	98	27
MGDG	SHexCer	42	29
MGDG	SM	52	8
MGDG	FA	34	1
MGDG	FAHFA	34	1
MGDG	FOH	34	1
SQDG	SQDG	40	40
SQDG	TG	40	10
SQDG	Cer	40	7
SQDG	CerP	46	8
SQDG	CerPE	52	8
SQDG	EPC	52	8
SQDG	HexCer	40	29
SQDG	GalCer	40	29
SQDG	GlcCer	40	29
SQDG	Hex2Cer	63	29
SQDG	LacCer	63	29
SQDG	LIPC	51	26
SQDG	IPC	51	26
SQDG	SPB	40	7
SQDG	SPBP	46	8
SQDG	LHexCer	40	29
SQDG	LSM	58	8
SQDG	MIPC	74	26
SQDG	M(IP)2C	105	26
SQDG	SHexCer	47	30
SQDG	SM	58	8
SQDG	FA	40	1
SQDG	FAHFA	40	1
SQDG	FOH	40	1
TG	TG	11	11
TG	Cer	11	6
TG	CerP	19	6
TG	CerPE	25	6
TG	EPC	25	6
TG	HexCer	34	6
TG	GalCer	34	6
TG	GlcCer	34	6
TG	Hex2Cer	57	6
TG	LacCer	57	6
TG	LIPC	42	6
TG	IPC	42	6
TG	SPB	11	6
TG	SPBP	19	6
TG	LHexCer	34	6
TG	LSM	30	7
TG	MIPC	65	6
TG	M(IP)2C	96	6
TG	SHexCer	42	6
TG	SM	30	7
TG	FA	11	1
TG	FAHFA	11	1
TG	FOH	11	1
Cer	Cer	7	7
Cer	CerP	15	7
Cer	CerPE	21	7
Cer	EPC	21	7
Cer	HexCer	30	7
Cer	GalCer	30	7
Cer	GlcCer	30	7
Cer	Hex2Cer	53	7
Cer	LacCer	53	7
Cer	LIPC	38	7
Cer	IPC	38	7
Cer	SPB	7	7
Cer	SPBP	15	7
Cer	LHexCer	30	7
Cer	LSM	27	7
Cer	MIPC	61	7
Cer	M(IP)2C	92	7
Cer	SHexCer	38	7
Cer	SM	27	7
Cer	FA	7	1
Cer	FAHFA	7	1
Cer	FOH	7	1
CerP	CerP	15	15
CerP	CerPE	21	15
CerP	EPC	21	15
CerP	HexCer	36	8
CerP	GalCer	36	8
CerP	GlcCer	36	8
CerP	Hex2Cer	59	8
CerP	LacCer	59	8
CerP	LIPC	38	15
CerP	IPC	38	15
CerP	SPB	15	7
CerP	SPBP	15	15
CerP	LHexCer	36	8
CerP	LSM	27	15
CerP	MIPC	61	15
CerP	M(IP)2C	92	15
CerP	SHexCer	43	9
CerP	SM	27	15
CerP	FA	15	1
CerP	FAHFA	15	1
CerP	FOH	15	1
CerPE	CerPE	21	21
CerPE	EPC	21	21
CerPE	HexCer	42	8
CerPE	GalCer	42	8
CerPE	GlcCer	42	8
CerPE	Hex2Cer	65	8
CerPE	LacCer	65	8
CerPE	LIPC	42	17
CerPE	IPC	42	17
CerPE	SPB	21	7
CerPE	SPBP	21	15
CerPE	LHexCer	42	8
CerPE	LSM	27	21
CerPE	MIPC	65	17
CerPE	M(IP)2C	96	17
CerPE	SHexCer	49	9
CerPE	SM	27	21
CerPE	FA	21	1
CerPE	FAHFA	21	1
CerPE	FOH	21	1
EPC	EPC	21	21
EPC	HexCer	42	8
EPC	GalCer	42	8
EPC	GlcCer	42	8
EPC	Hex2Cer	65	8
EPC	LacCer	65	8
EPC	LIPC	42	17
EPC	IPC	42	17
EPC	SPB	21	7
EPC	SPBP	21	15
EPC	LHexCer	42	8
EPC	LSM	27	21
EPC	MIPC	65	17
EPC	M(IP)2C	96	17
EPC	SHexCer	49	9
EPC	SM	27	21
EPC	FA	21	1
EPC	FAHFA	21	1
EPC	FOH	21	1
HexCer	HexCer	30	30
HexCer	GalCer	30	30
HexCer	GlcCer	30	30
HexCer	Hex2Cer	53	30
HexCer	LacCer	53	30
HexCer	LIPC	44	23
HexCer	IPC	44	23
HexCer	SPB	30	7
HexCer	SPBP	36	8
HexCer	LHexCer	30	30
HexCer	LSM	48	8
HexCer	MIPC	65	26
HexCer	M(IP)2C	96	26
HexCer	SHexCer	38	30
HexCer	SM	48	8
HexCer	FA	30	1
HexCer	FAHFA	30	1
HexCer	FOH	30	1
GalCer	GalCer	30	30
GalCer	GlcCer	30	30
GalCer	Hex2Cer	53	30
GalCer	LacCer	53	30
GalCer	LIPC	44	23
GalCer	IPC	44	23
GalCer	SPB	30	7
GalCer	SPBP	36	8
GalCer	LHexCer	30	30
GalCer	LSM	48	8
GalCer	MIPC	65	26
GalCer	M(IP)2C	96	26
GalCer	SHexCer	38	30
GalCer	SM	48	8
GalCer	FA	30	1
GalCer	FAHFA	30	1
GalCer	FOH	30	1
GlcCer	GlcCer	30	30
GlcCer	Hex2Cer	53	30
GlcCer	LacCer	53	30
GlcCer	LIPC	44	23
GlcCer	IPC	44	23
GlcCer	SPB	30	7
GlcCer	SPBP	36	8
GlcCer	LHexCer	30	30
GlcCer	LSM	48	8
GlcCer	MIPC	65	26
GlcCer	M(IP)2C	96	26
GlcCer	SHexCer	38	30
GlcCer	SM	48	8
GlcCer	FA	30	1
GlcCer	FAHFA	30	1
GlcCer	FOH	30	1
Hex2Cer	Hex2Cer	53	53
Hex2Cer	LacCer	53	53
Hex2Cer	LIPC	67	23
Hex2Cer	IPC	67	23
Hex2Cer	SPB	53	7
Hex2Cer	SPBP	59	8
Hex2Cer	LHexCer	53	30
Hex2Cer	LSM	71	8
Hex2Cer	MIPC	88	26
Hex2Cer	M(IP)2C	119	26
Hex2Cer	SHexCer	61	30
Hex2Cer	SM	71	8
Hex2Cer	FA	53	1
Hex2Cer	FAHFA	53	1
Hex2Cer	FOH	53	1
LacCer	LacCer	53	53
LacCer	LIPC	67	23
LacCer	IPC	67	23
LacCer	SPB	53	7
LacCer	SPBP	59	8
LacCer	LHexCer	53	30
LacCer	LSM	71	8
LacCer	MIPC	88	26
LacCer	M(IP)2C	119	26
LacCer	SHexCer	61	30
LacCer	SM	71	8
LacCer	FA	53	1
LacCer	FAHFA	53	1
LacCer	FOH	53	1
LIPC	LIPC	38	38
LIPC	IPC	38	38
LIPC	SPB	38	7
LIPC	SPBP	38	15
LIPC	LHexCer	44	23
LIPC	LSM	48	17
LIPC	MIPC	61	38
LIPC	M(IP)2C	92	38
LIPC	SHexCer	49	26
LIPC	SM	48	17
LIPC	FA	38	1
LIPC	FAHFA	38	1
LIPC	FOH	38	1
IPC	IPC	38	38
IPC	SPB	38	7
IPC	SPBP	38	15
IPC	LHexCer	44	23
IPC	LSM	48	17
IPC	MIPC	61	38
IPC	M(IP)2C	92	38
IPC	SHexCer	49	26
IPC	SM	48	17
IPC	FA	38	1
IPC	FAHFA	38	1
IPC	FOH	38	1
SPB	SPB	7	7
SPB	SPBP	15	7
SPB	LHexCer	30	7
SPB	LSM	27	7
SPB	MIPC	61	7
SPB	M(IP)2C	92	7
SPB	SHexCer	38	7
SPB	SM	27	7
SPB	FA	7	1
SPB	FAHFA	7	1
SPB	FOH	7	1
SPBP	SPBP	15	15
SPBP	LHexCer	36	8
SPBP	LSM	27	15
SPBP	MIPC	61	15
SPBP	M(IP)2C	92	15
SPBP	SHexCer	43	9
SPBP	SM	27	15
SPBP	FA	15	1
SPBP	FAHFA	15	1
SPBP	FOH	15	1
LHexCer	LHexCer	30	30
LHexCer	LSM	48	8
LHexCer	MIPC	65	26
LHexCer	M(IP)2C	96	26
LHexCer	SHexCer	38	30
LHexCer	SM	48	8
LHexCer	FA	30	1
LHexCer	FAHFA	30	1
LHexCer	FOH	30	1
LSM	LSM	27	27
LSM	MIPC	71	17
LSM	M(IP)2C	102	17
LSM	SHexCer	55	9
LSM	SM	27	27
LSM	FA	27	1
LSM	FAHFA	27	1
LSM	FOH	27	1
MIPC	MIPC	61	61
MIPC	M(IP)2C	92	61
MIPC	SHexCer	72	26
MIPC	SM	71	17
MIPC	FA	61	1
MIPC	FAHFA	61	1
MIPC	FOH	61	1
M(IP)2C	M(IP)2C	92	92
M(IP)2C	SHexCer	103	26
M(IP)2C	SM	102	17
M(IP)2C	FA	92	1
M(IP)2C	FAHFA	92	1
M(IP)2C	FOH	92	1
SHexCer	SHexCer	38	38
SHexCer	SM	55	9
SHexCer	FA	38	1
SHexCer	FAHFA	38	1
SHexCer	FOH	38	1
SM	SM	27	27
SM	FA	27	1
SM	FAHFA	27	1
SM	FOH	27	1
FA	FA	1	1
FA	FAHFA	1	1
FA	FOH	1	1
FAHFA	FAHFA	1	1
FAHFA	FOH	1	1
FOH	FOH	1	1
